Date,Shift,Flowrate_pct,Expected_CH4_pct,Actual_CH4_pct,Residual_pct
01/01/2020,Day,73,2.9,3.1,0.2
01/01/2020,Evening,72,2.9,1.9,-1.0
01/01/2020,Night,70,2.9,3.4,0.5
02/01/2020,Day,69,2.8,2.8,0.0
02/01/2020,Evening,69,2.8,2.9,0.1
02/01/2020,Night,69,2.8,2.0,-0.8
03/01/2020,Day,71,2.9,1.4,-1.5
03/01/2020,Evening,69,2.8,2.2,-0.6
03/01/2020,Night,71,2.9,2.9,0.0
04/01/2020,Day,71,2.9,3.5,0.6
04/01/2020,Evening,71,2.9,2.8,-0.1
04/01/2020,Night,69,2.8,2.5,-0.3
05/01/2020,Day,71,2.9,2.9,0.0
05/01/2020,Evening,70,2.9,3.3,0.4
05/01/2020,Night,69,2.8,3.0,0.2
06/01/2020,Day,69,2.8,3.0,0.2
06/01/2020,Evening,69,2.8,2.7,-0.1
06/01/2020,Night,69,2.8,3.2,0.4
07/01/2020,Day,69,2.8,2.9,0.1
07/01/2020,Evening,71,2.9,2.4,-0.5
07/01/2020,Night,71,2.9,3.7,0.8
08/01/2020,Day,69,2.8,2.5,-0.3
08/01/2020,Evening,71,2.9,2.2,-0.7
08/01/2020,Night,69,2.8,2.8,0.0
09/01/2020,Day,71,2.9,2.6,-0.3
09/01/2020,Evening,71,2.9,3.0,0.1
09/01/2020,Night,71,2.9,3.4,0.5
10/01/2020,Day,71,2.9,2.9,0.0
10/01/2020,Evening,70,2.9,3.2,0.3
10/01/2020,Night,69,2.8,2.4,-0.4
11/01/2020,Day,70,2.9,3.3,0.4
11/01/2020,Evening,71,2.9,2.5,-0.4
11/01/2020,Night,70,2.9,2.1,-0.8
12/01/2020,Day,69,2.8,3.2,0.4
12/01/2020,Evening,69,2.8,2.4,-0.4
12/01/2020,Night,71,2.9,2.4,-0.5
13/01/2020,Day,70,2.9,2.7,-0.2
13/01/2020,Evening,70,2.9,3.5,0.6
13/01/2020,Night,70,2.9,2.7,-0.2
14/01/2020,Day,69,2.8,2.3,-0.5
14/01/2020,Evening,69,2.8,3.0,0.2
14/01/2020,Night,70,2.9,3.4,0.5
15/01/2020,Day,69,2.8,2.5,-0.3
15/01/2020,Evening,69,2.8,3.5,0.7
15/01/2020,Night,70,2.9,2.0,-0.9
16/01/2020,Day,69,2.8,1.8,-1.0
16/01/2020,Evening,70,2.9,3.0,0.1
16/01/2020,Night,70,2.9,2.5,-0.4
17/01/2020,Day,71,2.9,2.7,-0.2
17/01/2020,Evening,70,2.9,3.8,0.9
17/01/2020,Night,69,2.8,2.0,-0.8
18/01/2020,Day,71,2.9,3.8,0.9
18/01/2020,Evening,70,2.9,3.4,0.5
18/01/2020,Night,71,2.9,4.5,1.6
19/01/2020,Day,69,2.8,3.2,0.4
19/01/2020,Evening,70,2.9,3.7,0.8
19/01/2020,Night,69,2.8,3.6,0.8
20/01/2020,Day,76,3.0,3.1,0.1
20/01/2020,Evening,83,3.1,3.4,0.3
20/01/2020,Night,90,3.3,3.2,-0.1
21/01/2020,Day,96,3.4,3.7,0.3
21/01/2020,Evening,96,3.4,2.5,-0.9
21/01/2020,Night,97,3.4,4.3,0.9
22/01/2020,Day,95,3.4,3.8,0.4
22/01/2020,Evening,97,3.4,3.6,0.2
22/01/2020,Night,95,3.4,2.7,-0.7
23/01/2020,Day,95,3.4,3.7,0.3
23/01/2020,Evening,97,3.4,3.7,0.3
23/01/2020,Night,95,3.4,3.4,0.0
24/01/2020,Day,96,3.4,3.7,0.3
24/01/2020,Evening,95,3.4,3.0,-0.4
24/01/2020,Night,95,3.4,3.6,0.2
25/01/2020,Day,95,3.4,2.8,-0.6
25/01/2020,Evening,96,3.4,3.6,0.2
25/01/2020,Night,96,3.4,2.9,-0.5
26/01/2020,Day,96,3.4,3.1,-0.3
26/01/2020,Evening,97,3.4,4.3,0.9
26/01/2020,Night,96,3.4,2.9,-0.5
27/01/2020,Day,95,3.4,3.3,-0.1
27/01/2020,Evening,96,3.4,3.5,0.1
27/01/2020,Night,96,3.4,4.2,0.8
28/01/2020,Day,95,3.4,3.3,-0.1
28/01/2020,Evening,97,3.4,3.7,0.3
28/01/2020,Night,96,3.4,2.8,-0.6
29/01/2020,Day,97,3.4,3.6,0.2
29/01/2020,Evening,97,3.4,3.3,-0.1
29/01/2020,Night,97,3.4,3.4,0.0
30/01/2020,Day,95,3.4,4.1,0.7
30/01/2020,Evening,97,3.4,3.8,0.4
30/01/2020,Night,97,3.4,4.0,0.6
31/01/2020,Day,95,3.4,2.7,-0.7
31/01/2020,Evening,97,3.4,3.1,-0.3
31/01/2020,Night,97,3.4,2.6,-0.8
01/02/2020,Day,95,3.4,2.4,-1.0
01/02/2020,Evening,95,3.4,3.0,-0.4
01/02/2020,Night,96,3.4,4.2,0.8
02/02/2020,Day,96,3.4,3.6,0.2
02/02/2020,Evening,96,3.4,3.6,0.2
02/02/2020,Night,97,3.4,3.6,0.2
03/02/2020,Day,97,3.4,4.2,0.8
03/02/2020,Evening,97,3.4,2.7,-0.7
03/02/2020,Night,95,3.4,3.1,-0.3
04/02/2020,Day,97,3.4,3.5,0.1
04/02/2020,Evening,96,3.4,3.9,0.5
04/02/2020,Night,95,3.4,2.7,-0.7
05/02/2020,Day,95,3.4,3.6,0.2
05/02/2020,Evening,95,3.4,3.3,-0.1
05/02/2020,Night,96,3.4,3.1,-0.3
06/02/2020,Day,96,3.4,4.0,0.6
06/02/2020,Evening,96,3.4,3.4,0.0
06/02/2020,Night,95,3.4,3.1,-0.3
07/02/2020,Day,95,3.4,4.5,1.1
07/02/2020,Evening,94,3.4,4.2,0.8
07/02/2020,Night,92,3.3,3.8,0.5
08/02/2020,Day,90,3.3,3.3,0.0
08/02/2020,Evening,88,3.2,2.8,-0.4
08/02/2020,Night,88,3.2,2.7,-0.5
09/02/2020,Day,87,3.2,3.9,0.7
09/02/2020,Evening,89,3.3,2.9,-0.4
09/02/2020,Night,88,3.2,3.2,0.0
10/02/2020,Day,88,3.2,3.9,0.7
10/02/2020,Evening,89,3.3,3.8,0.5
10/02/2020,Night,88,3.2,3.0,-0.2
11/02/2020,Day,87,3.2,3.3,0.1
11/02/2020,Evening,88,3.2,4.0,0.8
11/02/2020,Night,87,3.2,3.4,0.2
12/02/2020,Day,87,3.2,3.7,0.5
12/02/2020,Evening,89,3.3,3.4,0.1
12/02/2020,Night,89,3.3,4.0,0.7
13/02/2020,Day,89,3.3,3.9,0.6
13/02/2020,Evening,88,3.2,4.0,0.8
13/02/2020,Night,89,3.3,3.0,-0.3
14/02/2020,Day,89,3.3,2.7,-0.6
14/02/2020,Evening,88,3.2,3.1,-0.1
14/02/2020,Night,89,3.3,3.1,-0.2
15/02/2020,Day,88,3.2,3.7,0.5
15/02/2020,Evening,88,3.2,2.3,-0.9
15/02/2020,Night,87,3.2,3.4,0.2
16/02/2020,Day,87,3.2,3.0,-0.2
16/02/2020,Evening,89,3.3,3.1,-0.2
16/02/2020,Night,88,3.2,2.9,-0.3
17/02/2020,Day,87,3.2,2.8,-0.4
17/02/2020,Evening,87,3.2,3.1,-0.1
17/02/2020,Night,87,3.2,2.2,-1.0
18/02/2020,Day,87,3.2,2.7,-0.5
18/02/2020,Evening,89,3.3,3.5,0.2
18/02/2020,Night,87,3.2,3.6,0.4
19/02/2020,Day,89,3.3,3.3,0.0
19/02/2020,Evening,88,3.2,3.1,-0.1
19/02/2020,Night,89,3.3,4.1,0.8
20/02/2020,Day,87,3.2,3.4,0.2
20/02/2020,Evening,88,3.2,2.6,-0.6
20/02/2020,Night,88,3.2,3.4,0.2
21/02/2020,Day,89,3.3,2.7,-0.6
21/02/2020,Evening,88,3.2,3.0,-0.2
21/02/2020,Night,89,3.3,3.6,0.3
22/02/2020,Day,88,3.2,3.8,0.6
22/02/2020,Evening,89,3.3,3.8,0.5
22/02/2020,Night,87,3.2,1.9,-1.3
23/02/2020,Day,89,3.3,3.4,0.1
23/02/2020,Evening,89,3.3,3.1,-0.2
23/02/2020,Night,87,3.2,3.7,0.5
24/02/2020,Day,89,3.3,3.1,-0.2
24/02/2020,Evening,89,3.3,3.5,0.2
24/02/2020,Night,88,3.2,2.9,-0.3
25/02/2020,Day,89,3.3,3.8,0.5
25/02/2020,Evening,88,3.2,3.6,0.4
25/02/2020,Night,87,3.2,3.9,0.7
26/02/2020,Day,88,3.2,3.6,0.4
26/02/2020,Evening,88,3.2,2.2,-1.0
26/02/2020,Night,87,3.2,2.6,-0.6
27/02/2020,Day,88,3.2,2.8,-0.4
27/02/2020,Evening,87,3.2,3.1,-0.1
27/02/2020,Night,89,3.3,3.7,0.4
28/02/2020,Day,89,3.3,3.7,0.4
28/02/2020,Evening,88,3.2,3.5,0.3
28/02/2020,Night,89,3.3,3.6,0.3
29/02/2020,Day,87,3.2,3.6,0.4
29/02/2020,Evening,89,3.3,2.8,-0.5
29/02/2020,Night,91,3.3,2.9,-0.4
01/03/2020,Day,94,3.4,2.9,-0.5
01/03/2020,Evening,97,3.4,3.7,0.3
01/03/2020,Night,98,3.5,2.4,-1.1
02/03/2020,Day,98,3.5,3.3,-0.2
02/03/2020,Evening,98,3.5,3.8,0.3
02/03/2020,Night,96,3.4,3.3,-0.1
03/03/2020,Day,96,3.4,3.6,0.2
03/03/2020,Evening,97,3.4,3.8,0.4
03/03/2020,Night,96,3.4,3.8,0.4
04/03/2020,Day,98,3.5,4.4,0.9
04/03/2020,Evening,98,3.5,2.8,-0.7
04/03/2020,Night,96,3.4,2.7,-0.7
05/03/2020,Day,98,3.5,4.1,0.6
05/03/2020,Evening,97,3.4,3.2,-0.2
05/03/2020,Night,97,3.4,3.6,0.2
06/03/2020,Day,96,3.4,3.9,0.5
06/03/2020,Evening,96,3.4,2.7,-0.7
06/03/2020,Night,97,3.4,3.1,-0.3
07/03/2020,Day,97,3.4,2.9,-0.5
07/03/2020,Evening,96,3.4,3.7,0.3
07/03/2020,Night,96,3.4,3.3,-0.1
08/03/2020,Day,96,3.4,2.9,-0.5
08/03/2020,Evening,98,3.5,3.8,0.3
08/03/2020,Night,96,3.4,4.0,0.6
09/03/2020,Day,96,3.4,3.5,0.1
09/03/2020,Evening,98,3.5,3.2,-0.3
09/03/2020,Night,97,3.4,3.8,0.4
10/03/2020,Day,96,3.4,3.5,0.1
10/03/2020,Evening,98,3.5,3.3,-0.2
10/03/2020,Night,96,3.4,4.3,0.9
11/03/2020,Day,96,3.4,2.6,-0.8
11/03/2020,Evening,98,3.5,3.2,-0.3
11/03/2020,Night,97,3.4,2.8,-0.6
12/03/2020,Day,98,3.5,3.5,0.0
12/03/2020,Evening,96,3.4,3.1,-0.3
12/03/2020,Night,97,3.4,3.2,-0.2
13/03/2020,Day,98,3.5,2.0,-1.5
13/03/2020,Evening,98,3.5,3.1,-0.4
13/03/2020,Night,97,3.4,2.6,-0.8
14/03/2020,Day,96,3.4,3.2,-0.2
14/03/2020,Evening,98,3.5,3.6,0.1
14/03/2020,Night,98,3.5,3.0,-0.5
15/03/2020,Day,98,3.5,3.6,0.1
15/03/2020,Evening,96,3.4,3.9,0.5
15/03/2020,Night,98,3.5,3.5,0.0
16/03/2020,Day,97,3.4,2.7,-0.7
16/03/2020,Evening,97,3.4,3.4,0.0
16/03/2020,Night,98,3.5,4.5,1.0
17/03/2020,Day,98,3.5,3.9,0.4
17/03/2020,Evening,97,3.4,3.5,0.1
17/03/2020,Night,97,3.4,3.6,0.2
18/03/2020,Day,98,3.5,3.4,-0.1
18/03/2020,Evening,97,3.4,3.6,0.2
18/03/2020,Night,77,3.0,2.8,-0.2
19/03/2020,Day,57,2.6,2.8,0.2
19/03/2020,Evening,37,2.1,1.8,-0.3
19/03/2020,Night,36,2.1,2.1,0.0
20/03/2020,Day,38,2.2,1.5,-0.7
20/03/2020,Evening,38,2.2,2.7,0.5
20/03/2020,Night,36,2.1,1.6,-0.5
21/03/2020,Day,38,2.2,1.6,-0.6
21/03/2020,Evening,36,2.1,2.4,0.3
21/03/2020,Night,36,2.1,2.3,0.2
22/03/2020,Day,36,2.1,1.2,-0.9
22/03/2020,Evening,38,2.2,2.4,0.2
22/03/2020,Night,38,2.2,1.6,-0.6
23/03/2020,Day,36,2.1,1.5,-0.6
23/03/2020,Evening,36,2.1,2.0,-0.1
23/03/2020,Night,36,2.1,2.8,0.7
24/03/2020,Day,36,2.1,3.3,1.2
24/03/2020,Evening,37,2.1,2.0,-0.1
24/03/2020,Night,36,2.1,2.8,0.7
25/03/2020,Day,38,2.2,2.8,0.6
25/03/2020,Evening,36,2.1,1.9,-0.2
25/03/2020,Night,37,2.1,2.9,0.8
26/03/2020,Day,38,2.2,1.7,-0.5
26/03/2020,Evening,37,2.1,2.7,0.6
26/03/2020,Night,36,2.1,2.8,0.7
27/03/2020,Day,38,2.2,2.1,-0.1
27/03/2020,Evening,36,2.1,2.2,0.1
27/03/2020,Night,38,2.2,2.1,-0.1
28/03/2020,Day,38,2.2,2.9,0.7
28/03/2020,Evening,38,2.2,2.1,-0.1
28/03/2020,Night,37,2.1,1.9,-0.2
29/03/2020,Day,36,2.1,2.4,0.3
29/03/2020,Evening,37,2.1,2.5,0.4
29/03/2020,Night,37,2.1,2.1,0.0
30/03/2020,Day,36,2.1,3.1,1.0
30/03/2020,Evening,36,2.1,1.9,-0.2
30/03/2020,Night,36,2.1,2.3,0.2
31/03/2020,Day,38,2.2,1.8,-0.4
31/03/2020,Evening,37,2.1,1.6,-0.5
31/03/2020,Night,37,2.1,2.0,-0.1
01/04/2020,Day,37,2.1,2.3,0.2
01/04/2020,Evening,37,2.1,2.4,0.3
01/04/2020,Night,37,2.1,1.3,-0.8
02/04/2020,Day,38,2.2,1.5,-0.7
02/04/2020,Evening,36,2.1,2.6,0.5
02/04/2020,Night,38,2.2,1.9,-0.3
03/04/2020,Day,38,2.2,1.3,-0.9
03/04/2020,Evening,38,2.2,1.7,-0.5
03/04/2020,Night,39,2.2,2.4,0.2
04/04/2020,Day,40,2.2,1.4,-0.8
04/04/2020,Evening,42,2.3,1.8,-0.5
04/04/2020,Night,41,2.2,2.4,0.2
05/04/2020,Day,41,2.2,2.0,-0.2
05/04/2020,Evening,41,2.2,2.9,0.7
05/04/2020,Night,41,2.2,2.1,-0.1
06/04/2020,Day,43,2.3,2.0,-0.3
06/04/2020,Evening,42,2.3,1.4,-0.9
06/04/2020,Night,41,2.2,2.4,0.2
07/04/2020,Day,42,2.3,1.8,-0.5
07/04/2020,Evening,41,2.2,3.1,0.9
07/04/2020,Night,42,2.3,2.1,-0.2
08/04/2020,Day,42,2.3,1.9,-0.4
08/04/2020,Evening,41,2.2,2.2,0.0
08/04/2020,Night,41,2.2,2.1,-0.1
09/04/2020,Day,42,2.3,2.9,0.6
09/04/2020,Evening,43,2.3,3.0,0.7
09/04/2020,Night,41,2.2,2.9,0.7
10/04/2020,Day,41,2.2,2.5,0.3
10/04/2020,Evening,43,2.3,1.3,-1.0
10/04/2020,Night,43,2.3,2.3,0.0
11/04/2020,Day,41,2.2,2.1,-0.1
11/04/2020,Evening,41,2.2,1.6,-0.6
11/04/2020,Night,41,2.2,1.6,-0.6
12/04/2020,Day,41,2.2,3.4,1.2
12/04/2020,Evening,42,2.3,2.4,0.1
12/04/2020,Night,42,2.3,2.6,0.3
13/04/2020,Day,42,2.3,2.8,0.5
13/04/2020,Evening,41,2.2,2.8,0.6
13/04/2020,Night,42,2.3,2.3,0.0
14/04/2020,Day,41,2.2,3.3,1.1
14/04/2020,Evening,41,2.2,2.2,0.0
14/04/2020,Night,42,2.3,2.6,0.3
15/04/2020,Day,41,2.2,1.9,-0.3
15/04/2020,Evening,42,2.3,3.1,0.8
15/04/2020,Night,42,2.3,1.6,-0.7
16/04/2020,Day,42,2.3,2.7,0.4
16/04/2020,Evening,42,2.3,2.6,0.3
16/04/2020,Night,42,2.3,3.0,0.7
17/04/2020,Day,43,2.3,2.7,0.4
17/04/2020,Evening,43,2.3,2.2,-0.1
17/04/2020,Night,43,2.3,2.2,-0.1
18/04/2020,Day,43,2.3,1.8,-0.5
18/04/2020,Evening,43,2.3,1.8,-0.5
18/04/2020,Night,42,2.3,2.3,0.0
19/04/2020,Day,41,2.2,1.7,-0.5
19/04/2020,Evening,41,2.2,2.4,0.2
19/04/2020,Night,42,2.3,2.5,0.2
20/04/2020,Day,41,2.2,2.3,0.1
20/04/2020,Evening,41,2.2,2.4,0.2
20/04/2020,Night,43,2.3,1.8,-0.5
21/04/2020,Day,43,2.3,2.0,-0.3
21/04/2020,Evening,43,2.3,2.3,0.0
21/04/2020,Night,41,2.2,2.3,0.1
22/04/2020,Day,43,2.3,2.2,-0.1
22/04/2020,Evening,42,2.3,2.5,0.2
22/04/2020,Night,41,2.2,2.7,0.5
23/04/2020,Day,41,2.2,1.6,-0.6
23/04/2020,Evening,43,2.3,2.0,-0.3
23/04/2020,Night,42,2.3,2.4,0.1
24/04/2020,Day,43,2.3,3.1,0.8
24/04/2020,Evening,43,2.3,2.8,0.5
24/04/2020,Night,41,2.2,2.6,0.4
25/04/2020,Day,41,2.2,2.5,0.3
25/04/2020,Evening,43,2.3,2.2,-0.1
25/04/2020,Night,41,2.2,2.7,0.5
26/04/2020,Day,41,2.2,2.6,0.4
26/04/2020,Evening,41,2.2,1.3,-0.9
26/04/2020,Night,43,2.3,1.9,-0.4
27/04/2020,Day,41,2.2,1.7,-0.5
27/04/2020,Evening,43,2.3,2.9,0.6
27/04/2020,Night,41,2.2,2.5,0.3
28/04/2020,Day,42,2.3,2.1,-0.2
28/04/2020,Evening,41,2.2,2.0,-0.2
28/04/2020,Night,43,2.3,2.1,-0.2
29/04/2020,Day,41,2.2,2.5,0.3
29/04/2020,Evening,43,2.3,2.3,0.0
29/04/2020,Night,58,2.6,1.5,-1.1
30/04/2020,Day,73,2.9,2.5,-0.4
30/04/2020,Evening,89,3.3,3.0,-0.3
30/04/2020,Night,90,3.3,3.6,0.3
01/05/2020,Day,90,3.3,4.4,1.1
01/05/2020,Evening,90,3.3,3.5,0.2
01/05/2020,Night,90,3.3,3.5,0.2
02/05/2020,Day,89,3.3,3.3,0.0
02/05/2020,Evening,89,3.3,2.9,-0.4
02/05/2020,Night,88,3.2,2.4,-0.8
03/05/2020,Day,90,3.3,3.7,0.4
03/05/2020,Evening,90,3.3,3.3,0.0
03/05/2020,Night,89,3.3,4.1,0.8
04/05/2020,Day,88,3.2,3.2,0.0
04/05/2020,Evening,89,3.3,4.0,0.7
04/05/2020,Night,89,3.3,3.3,0.0
05/05/2020,Day,88,3.2,2.8,-0.4
05/05/2020,Evening,90,3.3,3.4,0.1
05/05/2020,Night,90,3.3,3.3,0.0
06/05/2020,Day,89,3.3,3.9,0.6
06/05/2020,Evening,89,3.3,2.5,-0.8
06/05/2020,Night,89,3.3,3.5,0.2
07/05/2020,Day,88,3.2,3.9,0.7
07/05/2020,Evening,88,3.2,3.4,0.2
07/05/2020,Night,89,3.3,3.8,0.5
08/05/2020,Day,90,3.3,2.8,-0.5
08/05/2020,Evening,90,3.3,2.6,-0.7
08/05/2020,Night,80,3.1,3.2,0.1
09/05/2020,Day,72,2.9,2.6,-0.3
09/05/2020,Evening,73,2.9,2.7,-0.2
09/05/2020,Night,72,2.9,3.2,0.3
10/05/2020,Day,71,2.9,2.8,-0.1
10/05/2020,Evening,72,2.9,2.8,-0.1
10/05/2020,Night,71,2.9,3.0,0.1
11/05/2020,Day,71,2.9,2.9,0.0
11/05/2020,Evening,72,2.9,2.7,-0.2
11/05/2020,Night,72,2.9,3.3,0.4
12/05/2020,Day,71,2.9,2.2,-0.7
12/05/2020,Evening,72,2.9,3.6,0.7
12/05/2020,Night,73,2.9,2.4,-0.5
13/05/2020,Day,73,2.9,3.2,0.3
13/05/2020,Evening,72,2.9,3.2,0.3
13/05/2020,Night,73,2.9,3.4,0.5
14/05/2020,Day,73,2.9,3.1,0.2
14/05/2020,Evening,73,2.9,2.9,0.0
14/05/2020,Night,71,2.9,2.9,0.0
15/05/2020,Day,73,2.9,2.9,0.0
15/05/2020,Evening,73,2.9,3.2,0.3
15/05/2020,Night,72,2.9,4.0,1.1
16/05/2020,Day,73,2.9,3.4,0.5
16/05/2020,Evening,71,2.9,2.8,-0.1
16/05/2020,Night,71,2.9,2.8,-0.1
17/05/2020,Day,72,2.9,3.7,0.8
17/05/2020,Evening,71,2.9,3.0,0.1
17/05/2020,Night,71,2.9,2.4,-0.5
18/05/2020,Day,73,2.9,2.4,-0.5
18/05/2020,Evening,73,2.9,3.4,0.5
18/05/2020,Night,71,2.9,2.7,-0.2
19/05/2020,Day,72,2.9,2.9,0.0
19/05/2020,Evening,72,2.9,3.1,0.2
19/05/2020,Night,73,2.9,3.0,0.1
20/05/2020,Day,71,2.9,4.1,1.2
20/05/2020,Evening,73,2.9,2.3,-0.6
20/05/2020,Night,72,2.9,3.2,0.3
21/05/2020,Day,71,2.9,3.3,0.4
21/05/2020,Evening,73,2.9,2.2,-0.7
21/05/2020,Night,73,2.9,2.5,-0.4
22/05/2020,Day,72,2.9,2.5,-0.4
22/05/2020,Evening,73,2.9,2.4,-0.5
22/05/2020,Night,72,2.9,2.7,-0.2
23/05/2020,Day,72,2.9,3.4,0.5
23/05/2020,Evening,71,2.9,3.3,0.4
23/05/2020,Night,71,2.9,2.8,-0.1
24/05/2020,Day,73,2.9,3.0,0.1
24/05/2020,Evening,75,3.0,4.2,1.2
24/05/2020,Night,78,3.0,3.6,0.6
25/05/2020,Day,78,3.0,3.5,0.5
25/05/2020,Evening,77,3.0,3.7,0.7
25/05/2020,Night,79,3.0,3.3,0.3
26/05/2020,Day,78,3.0,2.9,-0.1
26/05/2020,Evening,77,3.0,2.8,-0.2
26/05/2020,Night,79,3.0,3.3,0.3
27/05/2020,Day,78,3.0,3.1,0.1
27/05/2020,Evening,79,3.0,3.6,0.6
27/05/2020,Night,79,3.0,3.1,0.1
28/05/2020,Day,78,3.0,2.7,-0.3
28/05/2020,Evening,79,3.0,3.5,0.5
28/05/2020,Night,77,3.0,3.2,0.2
29/05/2020,Day,77,3.0,2.7,-0.3
29/05/2020,Evening,77,3.0,2.5,-0.5
29/05/2020,Night,79,3.0,3.6,0.6
30/05/2020,Day,77,3.0,3.6,0.6
30/05/2020,Evening,79,3.0,2.5,-0.5
30/05/2020,Night,77,3.0,3.8,0.8
31/05/2020,Day,78,3.0,3.8,0.8
31/05/2020,Evening,79,3.0,2.8,-0.2
31/05/2020,Night,79,3.0,3.5,0.5
01/06/2020,Day,63,2.7,2.4,-0.3
01/06/2020,Evening,49,2.4,2.4,0.0
01/06/2020,Night,34,2.1,2.8,0.7
02/06/2020,Day,34,2.1,2.0,-0.1
02/06/2020,Evening,33,2.1,1.5,-0.6
02/06/2020,Night,34,2.1,2.2,0.1
03/06/2020,Day,33,2.1,3.1,1.0
03/06/2020,Evening,35,2.1,2.5,0.4
03/06/2020,Night,33,2.1,2.3,0.2
04/06/2020,Day,35,2.1,2.4,0.3
04/06/2020,Evening,33,2.1,2.3,0.2
04/06/2020,Night,34,2.1,1.1,-1.0
05/06/2020,Day,35,2.1,2.0,-0.1
05/06/2020,Evening,34,2.1,1.9,-0.2
05/06/2020,Night,35,2.1,2.1,0.0
06/06/2020,Day,35,2.1,2.1,0.0
06/06/2020,Evening,33,2.1,2.2,0.1
06/06/2020,Night,33,2.1,2.1,0.0
07/06/2020,Day,33,2.1,2.6,0.5
07/06/2020,Evening,33,2.1,2.3,0.2
07/06/2020,Night,34,2.1,2.4,0.3
08/06/2020,Day,33,2.1,2.0,-0.1
08/06/2020,Evening,33,2.1,2.3,0.2
08/06/2020,Night,35,2.1,2.1,0.0
09/06/2020,Day,34,2.1,2.4,0.3
09/06/2020,Evening,34,2.1,1.4,-0.7
09/06/2020,Night,35,2.1,1.9,-0.2
10/06/2020,Day,35,2.1,1.9,-0.2
10/06/2020,Evening,33,2.1,2.2,0.1
10/06/2020,Night,34,2.1,3.3,1.2
11/06/2020,Day,33,2.1,1.8,-0.3
11/06/2020,Evening,35,2.1,3.0,0.9
11/06/2020,Night,33,2.1,1.9,-0.2
12/06/2020,Day,34,2.1,2.0,-0.1
12/06/2020,Evening,33,2.1,2.1,0.0
12/06/2020,Night,34,2.1,2.0,-0.1
13/06/2020,Day,33,2.1,2.3,0.2
13/06/2020,Evening,33,2.1,2.7,0.6
13/06/2020,Night,34,2.1,2.6,0.5
14/06/2020,Day,34,2.1,2.3,0.2
14/06/2020,Evening,34,2.1,2.9,0.8
14/06/2020,Night,33,2.1,1.4,-0.7
15/06/2020,Day,33,2.1,2.2,0.1
15/06/2020,Evening,33,2.1,1.7,-0.4
15/06/2020,Night,35,2.1,2.6,0.5
16/06/2020,Day,37,2.1,2.4,0.3
16/06/2020,Evening,40,2.2,2.0,-0.2
16/06/2020,Night,40,2.2,2.6,0.4
17/06/2020,Day,40,2.2,2.4,0.2
17/06/2020,Evening,41,2.2,1.4,-0.8
17/06/2020,Night,41,2.2,2.3,0.1
18/06/2020,Day,40,2.2,2.7,0.5
18/06/2020,Evening,41,2.2,4.0,1.8
18/06/2020,Night,41,2.2,1.9,-0.3
19/06/2020,Day,40,2.2,2.4,0.2
19/06/2020,Evening,39,2.2,1.4,-0.8
19/06/2020,Night,39,2.2,1.4,-0.8
20/06/2020,Day,40,2.2,2.0,-0.2
20/06/2020,Evening,39,2.2,2.9,0.7
20/06/2020,Night,41,2.2,3.2,1.0
21/06/2020,Day,40,2.2,2.9,0.7
21/06/2020,Evening,39,2.2,2.3,0.1
21/06/2020,Night,39,2.2,1.7,-0.5
22/06/2020,Day,41,2.2,1.7,-0.5
22/06/2020,Evening,40,2.2,2.7,0.5
22/06/2020,Night,40,2.2,2.3,0.1
23/06/2020,Day,41,2.2,2.3,0.1
23/06/2020,Evening,40,2.2,1.8,-0.4
23/06/2020,Night,40,2.2,2.2,0.0
24/06/2020,Day,41,2.2,1.8,-0.4
24/06/2020,Evening,41,2.2,2.6,0.4
24/06/2020,Night,39,2.2,3.6,1.4
25/06/2020,Day,40,2.2,1.1,-1.1
25/06/2020,Evening,41,2.2,2.9,0.7
25/06/2020,Night,39,2.2,2.5,0.3
26/06/2020,Day,40,2.2,2.2,0.0
26/06/2020,Evening,39,2.2,2.2,0.0
26/06/2020,Night,41,2.2,2.4,0.2
27/06/2020,Day,40,2.2,2.4,0.2
27/06/2020,Evening,39,2.2,3.2,1.0
27/06/2020,Night,41,2.2,1.3,-0.9
28/06/2020,Day,41,2.2,2.8,0.6
28/06/2020,Evening,41,2.2,1.5,-0.7
28/06/2020,Night,41,2.2,2.5,0.3
29/06/2020,Day,41,2.2,1.7,-0.5
29/06/2020,Evening,41,2.2,2.0,-0.2
29/06/2020,Night,41,2.2,1.9,-0.3
30/06/2020,Day,39,2.2,1.9,-0.3
30/06/2020,Evening,40,2.2,2.1,-0.1
30/06/2020,Night,40,2.2,2.2,0.0
01/07/2020,Day,39,2.2,2.1,-0.1
01/07/2020,Evening,41,2.2,2.0,-0.2
01/07/2020,Night,40,2.2,2.0,-0.2
02/07/2020,Day,41,2.2,3.2,1.0
02/07/2020,Evening,40,2.2,2.7,0.5
02/07/2020,Night,41,2.2,2.0,-0.2
03/07/2020,Day,39,2.2,2.5,0.3
03/07/2020,Evening,41,2.2,1.9,-0.3
03/07/2020,Night,40,2.2,1.9,-0.3
04/07/2020,Day,41,2.2,2.4,0.2
04/07/2020,Evening,40,2.2,2.5,0.3
04/07/2020,Night,50,2.4,2.4,0.0
05/07/2020,Day,60,2.6,2.7,0.1
05/07/2020,Evening,70,2.9,2.7,-0.2
05/07/2020,Night,80,3.1,3.6,0.5
06/07/2020,Day,80,3.1,3.5,0.4
06/07/2020,Evening,81,3.1,3.1,0.0
06/07/2020,Night,79,3.0,3.3,0.3
07/07/2020,Day,79,3.0,2.5,-0.5
07/07/2020,Evening,80,3.1,3.8,0.7
07/07/2020,Night,81,3.1,2.6,-0.5
08/07/2020,Day,80,3.1,3.3,0.2
08/07/2020,Evening,81,3.1,3.3,0.2
08/07/2020,Night,81,3.1,3.0,-0.1
09/07/2020,Day,79,3.0,3.2,0.2
09/07/2020,Evening,81,3.1,2.8,-0.3
09/07/2020,Night,81,3.1,3.0,-0.1
10/07/2020,Day,80,3.1,2.5,-0.6
10/07/2020,Evening,80,3.1,3.4,0.3
10/07/2020,Night,81,3.1,4.1,1.0
11/07/2020,Day,79,3.0,3.5,0.5
11/07/2020,Evening,80,3.1,3.8,0.7
11/07/2020,Night,80,3.1,3.7,0.6
12/07/2020,Day,79,3.0,3.0,0.0
12/07/2020,Evening,80,3.1,3.6,0.5
12/07/2020,Night,81,3.1,3.3,0.2
13/07/2020,Day,81,3.1,3.3,0.2
13/07/2020,Evening,81,3.1,2.9,-0.2
13/07/2020,Night,80,3.1,4.1,1.0
14/07/2020,Day,80,3.1,2.9,-0.2
14/07/2020,Evening,80,3.1,2.6,-0.5
14/07/2020,Night,80,3.1,2.9,-0.2
15/07/2020,Day,81,3.1,3.4,0.3
15/07/2020,Evening,79,3.0,3.2,0.2
15/07/2020,Night,81,3.1,3.2,0.1
16/07/2020,Day,80,3.1,2.9,-0.2
16/07/2020,Evening,81,3.1,4.0,0.9
16/07/2020,Night,79,3.0,3.4,0.4
17/07/2020,Day,81,3.1,3.2,0.1
17/07/2020,Evening,79,3.0,3.4,0.4
17/07/2020,Night,80,3.1,2.5,-0.6
18/07/2020,Day,81,3.1,3.6,0.5
18/07/2020,Evening,81,3.1,3.4,0.3
18/07/2020,Night,81,3.1,3.1,0.0
19/07/2020,Day,76,3.0,2.1,-0.9
19/07/2020,Evening,72,2.9,2.4,-0.5
19/07/2020,Night,73,2.9,4.5,1.6
20/07/2020,Day,72,2.9,3.7,0.8
20/07/2020,Evening,71,2.9,3.2,0.3
20/07/2020,Night,71,2.9,3.6,0.7
21/07/2020,Day,71,2.9,3.0,0.1
21/07/2020,Evening,71,2.9,2.8,-0.1
21/07/2020,Night,71,2.9,3.5,0.6
22/07/2020,Day,71,2.9,2.2,-0.7
22/07/2020,Evening,72,2.9,3.8,0.9
22/07/2020,Night,73,2.9,3.8,0.9
23/07/2020,Day,71,2.9,4.0,1.1
23/07/2020,Evening,72,2.9,3.3,0.4
23/07/2020,Night,72,2.9,2.2,-0.7
24/07/2020,Day,73,2.9,3.3,0.4
24/07/2020,Evening,73,2.9,2.5,-0.4
24/07/2020,Night,71,2.9,3.0,0.1
25/07/2020,Day,73,2.9,2.5,-0.4
25/07/2020,Evening,73,2.9,3.2,0.3
25/07/2020,Night,72,2.9,3.3,0.4
26/07/2020,Day,72,2.9,2.7,-0.2
26/07/2020,Evening,72,2.9,2.7,-0.2
26/07/2020,Night,71,2.9,3.1,0.2
27/07/2020,Day,71,2.9,2.4,-0.5
27/07/2020,Evening,73,2.9,2.5,-0.4
27/07/2020,Night,73,2.9,2.6,-0.3
28/07/2020,Day,71,2.9,2.5,-0.4
28/07/2020,Evening,71,2.9,3.4,0.5
28/07/2020,Night,72,2.9,2.6,-0.3
29/07/2020,Day,71,2.9,3.4,0.5
29/07/2020,Evening,71,2.9,3.2,0.3
29/07/2020,Night,73,2.9,2.3,-0.6
30/07/2020,Day,73,2.9,3.3,0.4
30/07/2020,Evening,72,2.9,3.1,0.2
30/07/2020,Night,71,2.9,2.6,-0.3
31/07/2020,Day,73,2.9,3.6,0.7
31/07/2020,Evening,71,2.9,2.9,0.0
31/07/2020,Night,71,2.9,3.5,0.6
01/08/2020,Day,72,2.9,3.0,0.1
01/08/2020,Evening,71,2.9,2.8,-0.1
01/08/2020,Night,72,2.9,2.4,-0.5
02/08/2020,Day,73,2.9,3.1,0.2
02/08/2020,Evening,73,2.9,2.5,-0.4
02/08/2020,Night,73,2.9,2.6,-0.3
03/08/2020,Day,73,2.9,2.8,-0.1
03/08/2020,Evening,72,2.9,2.9,0.0
03/08/2020,Night,72,2.9,3.1,0.2
04/08/2020,Day,73,2.9,2.9,0.0
04/08/2020,Evening,73,2.9,2.9,0.0
04/08/2020,Night,73,2.9,3.1,0.2
05/08/2020,Day,72,2.9,2.6,-0.3
05/08/2020,Evening,73,2.9,3.2,0.3
05/08/2020,Night,72,2.9,2.4,-0.5
06/08/2020,Day,71,2.9,2.6,-0.3
06/08/2020,Evening,73,2.9,3.5,0.6
06/08/2020,Night,72,2.9,3.0,0.1
07/08/2020,Day,72,2.9,3.3,0.4
07/08/2020,Evening,72,2.9,3.0,0.1
07/08/2020,Night,71,2.9,3.3,0.4
08/08/2020,Day,73,2.9,2.1,-0.8
08/08/2020,Evening,72,2.9,2.8,-0.1
08/08/2020,Night,76,3.0,3.0,0.0
09/08/2020,Day,79,3.0,2.2,-0.8
09/08/2020,Evening,82,3.1,3.8,0.7
09/08/2020,Night,86,3.2,3.1,-0.1
10/08/2020,Day,85,3.2,3.8,0.6
10/08/2020,Evening,86,3.2,3.2,0.0
10/08/2020,Night,86,3.2,4.7,1.5
11/08/2020,Day,85,3.2,2.7,-0.5
11/08/2020,Evening,87,3.2,3.4,0.2
11/08/2020,Night,86,3.2,3.6,0.4
12/08/2020,Day,85,3.2,2.9,-0.3
12/08/2020,Evening,86,3.2,4.0,0.8
12/08/2020,Night,86,3.2,2.8,-0.4
13/08/2020,Day,86,3.2,3.8,0.6
13/08/2020,Evening,87,3.2,3.1,-0.1
13/08/2020,Night,85,3.2,2.8,-0.4
14/08/2020,Day,85,3.2,3.0,-0.2
14/08/2020,Evening,85,3.2,3.2,0.0
14/08/2020,Night,85,3.2,4.2,1.0
15/08/2020,Day,86,3.2,3.0,-0.2
15/08/2020,Evening,87,3.2,3.8,0.6
15/08/2020,Night,85,3.2,2.0,-1.2
16/08/2020,Day,87,3.2,3.0,-0.2
16/08/2020,Evening,85,3.2,3.2,0.0
16/08/2020,Night,85,3.2,3.4,0.2
17/08/2020,Day,86,3.2,3.3,0.1
17/08/2020,Evening,86,3.2,3.2,0.0
17/08/2020,Night,86,3.2,3.2,0.0
18/08/2020,Day,87,3.2,2.8,-0.4
18/08/2020,Evening,86,3.2,3.3,0.1
18/08/2020,Night,86,3.2,2.6,-0.6
19/08/2020,Day,85,3.2,2.7,-0.5
19/08/2020,Evening,85,3.2,3.1,-0.1
19/08/2020,Night,86,3.2,3.5,0.3
20/08/2020,Day,86,3.2,3.6,0.4
20/08/2020,Evening,87,3.2,2.3,-0.9
20/08/2020,Night,87,3.2,3.5,0.3
21/08/2020,Day,85,3.2,3.4,0.2
21/08/2020,Evening,87,3.2,3.2,0.0
21/08/2020,Night,86,3.2,3.0,-0.2
22/08/2020,Day,86,3.2,3.7,0.5
22/08/2020,Evening,85,3.2,3.7,0.5
22/08/2020,Night,86,3.2,3.1,-0.1
23/08/2020,Day,86,3.2,3.4,0.2
23/08/2020,Evening,86,3.2,3.1,-0.1
23/08/2020,Night,86,3.2,2.6,-0.6
24/08/2020,Day,88,3.2,2.9,-0.3
24/08/2020,Evening,90,3.3,3.1,-0.2
24/08/2020,Night,91,3.3,2.8,-0.5
25/08/2020,Day,93,3.4,4.7,1.3
25/08/2020,Evening,92,3.3,3.3,0.0
25/08/2020,Night,93,3.4,2.9,-0.5
26/08/2020,Day,92,3.3,3.0,-0.3
26/08/2020,Evening,93,3.4,3.0,-0.4
26/08/2020,Night,93,3.4,3.2,-0.2
27/08/2020,Day,93,3.4,4.2,0.8
27/08/2020,Evening,92,3.3,2.4,-0.9
27/08/2020,Night,93,3.4,3.1,-0.3
28/08/2020,Day,93,3.4,3.1,-0.3
28/08/2020,Evening,94,3.4,3.2,-0.2
28/08/2020,Night,94,3.4,3.0,-0.4
29/08/2020,Day,93,3.4,2.7,-0.7
29/08/2020,Evening,94,3.4,2.9,-0.5
29/08/2020,Night,92,3.3,3.9,0.6
30/08/2020,Day,93,3.4,3.4,0.0
30/08/2020,Evening,92,3.3,3.7,0.4
30/08/2020,Night,94,3.4,4.3,0.9
31/08/2020,Day,94,3.4,3.5,0.1
31/08/2020,Evening,92,3.3,2.5,-0.8
31/08/2020,Night,93,3.4,3.0,-0.4
01/09/2020,Day,94,3.4,3.6,0.2
01/09/2020,Evening,94,3.4,2.8,-0.6
01/09/2020,Night,94,3.4,3.7,0.3
02/09/2020,Day,92,3.3,3.8,0.5
02/09/2020,Evening,92,3.3,3.6,0.3
02/09/2020,Night,94,3.4,2.8,-0.6
03/09/2020,Day,93,3.4,3.3,-0.1
03/09/2020,Evening,92,3.3,3.2,-0.1
03/09/2020,Night,93,3.4,3.0,-0.4
04/09/2020,Day,92,3.3,3.4,0.1
04/09/2020,Evening,92,3.3,3.8,0.5
04/09/2020,Night,93,3.4,3.7,0.3
05/09/2020,Day,93,3.4,3.2,-0.2
05/09/2020,Evening,93,3.4,4.1,0.7
05/09/2020,Night,92,3.3,4.3,1.0
06/09/2020,Day,93,3.4,3.3,-0.1
06/09/2020,Evening,93,3.4,3.1,-0.3
06/09/2020,Night,93,3.4,2.8,-0.6
07/09/2020,Day,93,3.4,3.4,0.0
07/09/2020,Evening,93,3.4,3.5,0.1
07/09/2020,Night,93,3.4,3.7,0.3
08/09/2020,Day,93,3.4,4.2,0.8
08/09/2020,Evening,92,3.3,2.9,-0.4
08/09/2020,Night,93,3.4,4.2,0.8
09/09/2020,Day,92,3.3,3.3,0.0
09/09/2020,Evening,82,3.1,3.0,-0.1
09/09/2020,Night,71,2.9,2.5,-0.4
10/09/2020,Day,72,2.9,3.2,0.3
10/09/2020,Evening,70,2.9,3.2,0.3
10/09/2020,Night,72,2.9,3.4,0.5
11/09/2020,Day,70,2.9,3.3,0.4
11/09/2020,Evening,70,2.9,2.7,-0.2
11/09/2020,Night,70,2.9,2.3,-0.6
12/09/2020,Day,70,2.9,3.6,0.7
12/09/2020,Evening,70,2.9,3.1,0.2
12/09/2020,Night,72,2.9,2.3,-0.6
13/09/2020,Day,70,2.9,3.0,0.1
13/09/2020,Evening,70,2.9,2.6,-0.3
13/09/2020,Night,70,2.9,2.1,-0.8
14/09/2020,Day,71,2.9,3.2,0.3
14/09/2020,Evening,72,2.9,3.1,0.2
14/09/2020,Night,70,2.9,3.0,0.1
15/09/2020,Day,72,2.9,3.0,0.1
15/09/2020,Evening,70,2.9,3.2,0.3
15/09/2020,Night,71,2.9,2.4,-0.5
16/09/2020,Day,72,2.9,3.9,1.0
16/09/2020,Evening,71,2.9,3.1,0.2
16/09/2020,Night,71,2.9,3.1,0.2
17/09/2020,Day,70,2.9,4.3,1.4
17/09/2020,Evening,72,2.9,2.5,-0.4
17/09/2020,Night,72,2.9,2.2,-0.7
18/09/2020,Day,72,2.9,4.2,1.3
18/09/2020,Evening,72,2.9,3.6,0.7
18/09/2020,Night,70,2.9,2.5,-0.4
19/09/2020,Day,70,2.9,2.3,-0.6
19/09/2020,Evening,71,2.9,3.3,0.4
19/09/2020,Night,70,2.9,2.6,-0.3
20/09/2020,Day,72,2.9,2.6,-0.3
20/09/2020,Evening,70,2.9,3.4,0.5
20/09/2020,Night,71,2.9,3.1,0.2
21/09/2020,Day,72,2.9,3.5,0.6
21/09/2020,Evening,72,2.9,2.9,0.0
21/09/2020,Night,71,2.9,1.9,-1.0
22/09/2020,Day,69,2.8,2.5,-0.3
22/09/2020,Evening,67,2.8,2.2,-0.6
22/09/2020,Night,68,2.8,2.7,-0.1
23/09/2020,Day,68,2.8,2.8,0.0
23/09/2020,Evening,68,2.8,3.1,0.3
23/09/2020,Night,66,2.8,2.4,-0.4
24/09/2020,Day,66,2.8,3.3,0.5
24/09/2020,Evening,68,2.8,2.7,-0.1
24/09/2020,Night,67,2.8,2.9,0.1
25/09/2020,Day,68,2.8,3.1,0.3
25/09/2020,Evening,68,2.8,2.9,0.1
25/09/2020,Night,66,2.8,3.2,0.4
26/09/2020,Day,68,2.8,2.3,-0.5
26/09/2020,Evening,66,2.8,2.7,-0.1
26/09/2020,Night,67,2.8,2.9,0.1
27/09/2020,Day,68,2.8,3.1,0.3
27/09/2020,Evening,67,2.8,3.6,0.8
27/09/2020,Night,68,2.8,3.4,0.6
28/09/2020,Day,67,2.8,2.8,0.0
28/09/2020,Evening,66,2.8,3.5,0.7
28/09/2020,Night,68,2.8,3.5,0.7
29/09/2020,Day,68,2.8,1.8,-1.0
29/09/2020,Evening,67,2.8,3.1,0.3
29/09/2020,Night,66,2.8,2.8,0.0
30/09/2020,Day,67,2.8,3.6,0.8
30/09/2020,Evening,67,2.8,2.5,-0.3
30/09/2020,Night,66,2.8,3.2,0.4
01/10/2020,Day,67,2.8,2.6,-0.2
01/10/2020,Evening,67,2.8,3.1,0.3
01/10/2020,Night,68,2.8,3.4,0.6
02/10/2020,Day,67,2.8,3.0,0.2
02/10/2020,Evening,68,2.8,2.8,0.0
02/10/2020,Night,59,2.6,3.6,1.0
03/10/2020,Day,51,2.5,2.3,-0.2
03/10/2020,Evening,43,2.3,2.3,0.0
03/10/2020,Night,35,2.1,2.1,0.0
04/10/2020,Day,36,2.1,2.0,-0.1
04/10/2020,Evening,35,2.1,1.7,-0.4
04/10/2020,Night,36,2.1,1.4,-0.7
05/10/2020,Day,36,2.1,1.5,-0.6
05/10/2020,Evening,35,2.1,2.6,0.5
05/10/2020,Night,35,2.1,2.2,0.1
06/10/2020,Day,35,2.1,2.4,0.3
06/10/2020,Evening,36,2.1,1.7,-0.4
06/10/2020,Night,36,2.1,2.6,0.5
07/10/2020,Day,35,2.1,2.9,0.8
07/10/2020,Evening,35,2.1,2.0,-0.1
07/10/2020,Night,34,2.1,2.8,0.7
08/10/2020,Day,34,2.1,1.9,-0.2
08/10/2020,Evening,35,2.1,2.2,0.1
08/10/2020,Night,35,2.1,2.6,0.5
09/10/2020,Day,34,2.1,1.4,-0.7
09/10/2020,Evening,35,2.1,2.8,0.7
09/10/2020,Night,36,2.1,2.8,0.7
10/10/2020,Day,36,2.1,2.3,0.2
10/10/2020,Evening,36,2.1,1.5,-0.6
10/10/2020,Night,35,2.1,2.1,0.0
11/10/2020,Day,35,2.1,2.5,0.4
11/10/2020,Evening,34,2.1,2.2,0.1
11/10/2020,Night,35,2.1,2.7,0.6
12/10/2020,Day,35,2.1,2.0,-0.1
12/10/2020,Evening,34,2.1,2.5,0.4
12/10/2020,Night,35,2.1,2.1,0.0
13/10/2020,Day,34,2.1,2.3,0.2
13/10/2020,Evening,35,2.1,2.5,0.4
13/10/2020,Night,35,2.1,2.4,0.3
14/10/2020,Day,35,2.1,2.2,0.1
14/10/2020,Evening,35,2.1,2.0,-0.1
14/10/2020,Night,36,2.1,1.9,-0.2
15/10/2020,Day,36,2.1,2.3,0.2
15/10/2020,Evening,35,2.1,1.9,-0.2
15/10/2020,Night,36,2.1,1.8,-0.3
16/10/2020,Day,34,2.1,1.9,-0.2
16/10/2020,Evening,36,2.1,2.1,0.0
16/10/2020,Night,34,2.1,1.3,-0.8
17/10/2020,Day,34,2.1,2.7,0.6
17/10/2020,Evening,34,2.1,2.5,0.4
17/10/2020,Night,36,2.1,1.3,-0.8
18/10/2020,Day,35,2.1,1.9,-0.2
18/10/2020,Evening,35,2.1,1.1,-1.0
18/10/2020,Night,36,2.1,2.0,-0.1
19/10/2020,Day,34,2.1,3.0,0.9
19/10/2020,Evening,36,2.1,2.2,0.1
19/10/2020,Night,35,2.1,1.4,-0.7
20/10/2020,Day,36,2.1,1.7,-0.4
20/10/2020,Evening,36,2.1,2.4,0.3
20/10/2020,Night,35,2.1,2.4,0.3
21/10/2020,Day,35,2.1,1.6,-0.5
21/10/2020,Evening,34,2.1,1.9,-0.2
21/10/2020,Night,34,2.1,2.4,0.3
22/10/2020,Day,35,2.1,2.1,0.0
22/10/2020,Evening,34,2.1,2.9,0.8
22/10/2020,Night,35,2.1,2.7,0.6
23/10/2020,Day,36,2.1,2.4,0.3
23/10/2020,Evening,34,2.1,1.2,-0.9
23/10/2020,Night,35,2.1,2.9,0.8
24/10/2020,Day,36,2.1,1.5,-0.6
24/10/2020,Evening,36,2.1,2.1,0.0
24/10/2020,Night,35,2.1,2.9,0.8
25/10/2020,Day,35,2.1,1.7,-0.4
25/10/2020,Evening,36,2.1,1.9,-0.2
25/10/2020,Night,36,2.1,2.4,0.3
26/10/2020,Day,35,2.1,2.6,0.5
26/10/2020,Evening,35,2.1,1.6,-0.5
26/10/2020,Night,36,2.1,1.7,-0.4
27/10/2020,Day,36,2.1,1.8,-0.3
27/10/2020,Evening,35,2.1,2.5,0.4
27/10/2020,Night,35,2.1,2.7,0.6
28/10/2020,Day,36,2.1,1.7,-0.4
28/10/2020,Evening,35,2.1,2.7,0.6
28/10/2020,Night,35,2.1,2.4,0.3
29/10/2020,Day,39,2.2,2.2,0.0
29/10/2020,Evening,44,2.3,2.9,0.6
29/10/2020,Night,48,2.4,2.0,-0.4
30/10/2020,Day,52,2.5,3.3,0.8
30/10/2020,Evening,51,2.5,2.2,-0.3
30/10/2020,Night,52,2.5,3.5,1.0
31/10/2020,Day,51,2.5,3.1,0.6
31/10/2020,Evening,53,2.5,2.0,-0.5
31/10/2020,Night,53,2.5,2.9,0.4
01/11/2020,Day,53,2.5,2.5,0.0
01/11/2020,Evening,51,2.5,2.3,-0.2
01/11/2020,Night,51,2.5,3.4,0.9
02/11/2020,Day,51,2.5,2.7,0.2
02/11/2020,Evening,53,2.5,2.2,-0.3
02/11/2020,Night,52,2.5,2.5,0.0
03/11/2020,Day,52,2.5,1.9,-0.6
03/11/2020,Evening,53,2.5,3.0,0.5
03/11/2020,Night,53,2.5,2.9,0.4
04/11/2020,Day,53,2.5,3.0,0.5
04/11/2020,Evening,53,2.5,2.3,-0.2
04/11/2020,Night,52,2.5,2.0,-0.5
05/11/2020,Day,51,2.5,2.7,0.2
05/11/2020,Evening,51,2.5,2.5,0.0
05/11/2020,Night,52,2.5,2.7,0.2
06/11/2020,Day,51,2.5,2.6,0.1
06/11/2020,Evening,52,2.5,2.4,-0.1
06/11/2020,Night,51,2.5,2.5,0.0
07/11/2020,Day,52,2.5,2.1,-0.4
07/11/2020,Evening,43,2.3,2.5,0.2
07/11/2020,Night,34,2.1,1.6,-0.5
08/11/2020,Day,33,2.1,1.9,-0.2
08/11/2020,Evening,35,2.1,2.1,0.0
08/11/2020,Night,34,2.1,2.4,0.3
09/11/2020,Day,35,2.1,2.0,-0.1
09/11/2020,Evening,33,2.1,2.3,0.2
09/11/2020,Night,35,2.1,2.2,0.1
10/11/2020,Day,34,2.1,2.6,0.5
10/11/2020,Evening,33,2.1,2.3,0.2
10/11/2020,Night,33,2.1,2.3,0.2
11/11/2020,Day,35,2.1,2.6,0.5
11/11/2020,Evening,34,2.1,1.7,-0.4
11/11/2020,Night,34,2.1,2.3,0.2
12/11/2020,Day,34,2.1,2.9,0.8
12/11/2020,Evening,34,2.1,1.8,-0.3
12/11/2020,Night,34,2.1,2.2,0.1
13/11/2020,Day,33,2.1,2.8,0.7
13/11/2020,Evening,33,2.1,1.0,-1.1
13/11/2020,Night,34,2.1,2.6,0.5
14/11/2020,Day,34,2.1,1.6,-0.5
14/11/2020,Evening,33,2.1,2.3,0.2
14/11/2020,Night,33,2.1,1.7,-0.4
15/11/2020,Day,34,2.1,3.0,0.9
15/11/2020,Evening,34,2.1,2.1,0.0
15/11/2020,Night,33,2.1,3.1,1.0
16/11/2020,Day,35,2.1,2.3,0.2
16/11/2020,Evening,35,2.1,2.3,0.2
16/11/2020,Night,35,2.1,3.1,1.0
17/11/2020,Day,33,2.1,2.5,0.4
17/11/2020,Evening,33,2.1,2.3,0.2
17/11/2020,Night,33,2.1,1.9,-0.2
18/11/2020,Day,35,2.1,2.3,0.2
18/11/2020,Evening,34,2.1,2.5,0.4
18/11/2020,Night,33,2.1,2.4,0.3
19/11/2020,Day,33,2.1,2.9,0.8
19/11/2020,Evening,33,2.1,1.2,-0.9
19/11/2020,Night,35,2.1,2.1,0.0
20/11/2020,Day,34,2.1,2.9,0.8
20/11/2020,Evening,35,2.1,2.0,-0.1
20/11/2020,Night,35,2.1,1.9,-0.2
21/11/2020,Day,35,2.1,2.2,0.1
21/11/2020,Evening,33,2.1,2.6,0.5
21/11/2020,Night,35,2.1,3.0,0.9
22/11/2020,Day,34,2.1,2.3,0.2
22/11/2020,Evening,34,2.1,2.9,0.8
22/11/2020,Night,34,2.1,2.9,0.8
23/11/2020,Day,34,2.1,1.9,-0.2
23/11/2020,Evening,35,2.1,2.1,0.0
23/11/2020,Night,34,2.1,1.8,-0.3
24/11/2020,Day,34,2.1,3.0,0.9
24/11/2020,Evening,35,2.1,1.6,-0.5
24/11/2020,Night,35,2.1,1.9,-0.2
25/11/2020,Day,33,2.1,2.3,0.2
25/11/2020,Evening,35,2.1,2.0,-0.1
25/11/2020,Night,35,2.1,2.8,0.7
26/11/2020,Day,35,2.1,1.7,-0.4
26/11/2020,Evening,36,2.1,1.7,-0.4
26/11/2020,Night,36,2.1,4.1,2.0
27/11/2020,Day,37,2.1,2.3,0.2
27/11/2020,Evening,35,2.1,3.1,1.0
27/11/2020,Night,35,2.1,2.0,-0.1
28/11/2020,Day,35,2.1,1.6,-0.5
28/11/2020,Evening,35,2.1,1.9,-0.2
28/11/2020,Night,37,2.1,2.0,-0.1
29/11/2020,Day,35,2.1,2.9,0.8
29/11/2020,Evening,35,2.1,1.8,-0.3
29/11/2020,Night,35,2.1,2.3,0.2
30/11/2020,Day,36,2.1,2.1,0.0
30/11/2020,Evening,36,2.1,2.6,0.5
30/11/2020,Night,37,2.1,2.1,0.0
01/12/2020,Day,37,2.1,2.9,0.8
01/12/2020,Evening,36,2.1,2.9,0.8
01/12/2020,Night,36,2.1,2.0,-0.1
02/12/2020,Day,35,2.1,2.4,0.3
02/12/2020,Evening,35,2.1,2.8,0.7
02/12/2020,Night,36,2.1,2.2,0.1
03/12/2020,Day,37,2.1,2.4,0.3
03/12/2020,Evening,36,2.1,2.8,0.7
03/12/2020,Night,37,2.1,1.5,-0.6
04/12/2020,Day,36,2.1,1.8,-0.3
04/12/2020,Evening,35,2.1,2.5,0.4
04/12/2020,Night,37,2.1,2.3,0.2
05/12/2020,Day,35,2.1,2.3,0.2
05/12/2020,Evening,36,2.1,1.8,-0.3
05/12/2020,Night,37,2.1,2.2,0.1
06/12/2020,Day,37,2.1,2.6,0.5
06/12/2020,Evening,37,2.1,1.9,-0.2
06/12/2020,Night,35,2.1,2.1,0.0
07/12/2020,Day,36,2.1,1.5,-0.6
07/12/2020,Evening,35,2.1,3.1,1.0
07/12/2020,Night,37,2.1,2.2,0.1
08/12/2020,Day,35,2.1,1.8,-0.3
08/12/2020,Evening,37,2.1,2.9,0.8
08/12/2020,Night,35,2.1,1.9,-0.2
09/12/2020,Day,36,2.1,1.5,-0.6
09/12/2020,Evening,35,2.1,1.0,-1.1
09/12/2020,Night,35,2.1,2.4,0.3
10/12/2020,Day,35,2.1,1.9,-0.2
10/12/2020,Evening,35,2.1,2.5,0.4
10/12/2020,Night,36,2.1,2.6,0.5
11/12/2020,Day,37,2.1,2.8,0.7
11/12/2020,Evening,37,2.1,1.8,-0.3
11/12/2020,Night,37,2.1,2.1,0.0
12/12/2020,Day,36,2.1,1.4,-0.7
12/12/2020,Evening,36,2.1,2.4,0.3
12/12/2020,Night,35,2.1,2.1,0.0
13/12/2020,Day,36,2.1,1.6,-0.5
13/12/2020,Evening,37,2.1,3.2,1.1
13/12/2020,Night,36,2.1,1.6,-0.5
14/12/2020,Day,37,2.1,2.8,0.7
14/12/2020,Evening,36,2.1,1.8,-0.3
14/12/2020,Night,36,2.1,2.3,0.2
15/12/2020,Day,37,2.1,2.6,0.5
15/12/2020,Evening,37,2.1,2.6,0.5
15/12/2020,Night,36,2.1,1.8,-0.3
16/12/2020,Day,36,2.1,2.6,0.5
16/12/2020,Evening,35,2.1,1.9,-0.2
16/12/2020,Night,37,2.1,1.7,-0.4
17/12/2020,Day,35,2.1,1.9,-0.2
17/12/2020,Evening,36,2.1,2.3,0.2
17/12/2020,Night,37,2.1,2.3,0.2
18/12/2020,Day,36,2.1,1.8,-0.3
18/12/2020,Evening,37,2.1,1.7,-0.4
18/12/2020,Night,36,2.1,1.8,-0.3
19/12/2020,Day,35,2.1,1.8,-0.3
19/12/2020,Evening,35,2.1,2.3,0.2
19/12/2020,Night,35,2.1,2.4,0.3
20/12/2020,Day,37,2.1,1.9,-0.2
20/12/2020,Evening,37,2.1,1.6,-0.5
20/12/2020,Night,44,2.3,1.5,-0.8
21/12/2020,Day,53,2.5,3.1,0.6
21/12/2020,Evening,62,2.7,3.7,1.0
21/12/2020,Night,70,2.9,4.3,1.4
22/12/2020,Day,70,2.9,2.2,-0.7
22/12/2020,Evening,71,2.9,4.2,1.3
22/12/2020,Night,69,2.8,4.1,1.3
23/12/2020,Day,69,2.8,2.0,-0.8
23/12/2020,Evening,70,2.9,3.6,0.7
23/12/2020,Night,71,2.9,3.8,0.9
24/12/2020,Day,71,2.9,3.1,0.2
24/12/2020,Evening,70,2.9,3.2,0.3
24/12/2020,Night,70,2.9,2.3,-0.6
25/12/2020,Day,69,2.8,4.2,1.4
25/12/2020,Evening,71,2.9,2.9,0.0
25/12/2020,Night,70,2.9,3.2,0.3
26/12/2020,Day,71,2.9,2.7,-0.2
26/12/2020,Evening,70,2.9,3.1,0.2
26/12/2020,Night,69,2.8,3.0,0.2
27/12/2020,Day,70,2.9,2.4,-0.5
27/12/2020,Evening,70,2.9,3.5,0.6
27/12/2020,Night,70,2.9,3.7,0.8
28/12/2020,Day,70,2.9,3.1,0.2
28/12/2020,Evening,70,2.9,2.7,-0.2
28/12/2020,Night,71,2.9,2.5,-0.4
29/12/2020,Day,69,2.8,3.1,0.3
29/12/2020,Evening,69,2.8,2.4,-0.4
29/12/2020,Night,70,2.9,3.3,0.4
30/12/2020,Day,70,2.9,3.6,0.7
30/12/2020,Evening,71,2.9,3.0,0.1
30/12/2020,Night,70,2.9,2.9,0.0
31/12/2020,Day,70,2.9,1.8,-1.1
31/12/2020,Evening,71,2.9,3.7,0.8
31/12/2020,Night,70,2.9,2.5,-0.4
01/01/2021,Day,71,2.9,2.9,0.0
01/01/2021,Evening,69,2.8,2.9,0.1
01/01/2021,Night,70,2.9,3.8,0.9
02/01/2021,Day,69,2.8,2.9,0.1
02/01/2021,Evening,70,2.9,3.2,0.3
02/01/2021,Night,70,2.9,4.0,1.1
03/01/2021,Day,70,2.9,2.9,0.0
03/01/2021,Evening,69,2.8,3.1,0.3
03/01/2021,Night,70,2.9,2.6,-0.3
04/01/2021,Day,71,2.9,3.0,0.1
04/01/2021,Evening,69,2.8,3.1,0.3
04/01/2021,Night,71,2.9,3.1,0.2
05/01/2021,Day,71,2.9,3.5,0.6
05/01/2021,Evening,70,2.9,2.8,-0.1
05/01/2021,Night,70,2.9,2.4,-0.5
06/01/2021,Day,69,2.8,2.8,0.0
06/01/2021,Evening,69,2.8,2.2,-0.6
06/01/2021,Night,71,2.9,3.3,0.4
07/01/2021,Day,70,2.9,4.1,1.2
07/01/2021,Evening,71,2.9,4.3,1.4
07/01/2021,Night,70,2.9,2.2,-0.7
08/01/2021,Day,71,2.9,3.1,0.2
08/01/2021,Evening,70,2.9,3.6,0.7
08/01/2021,Night,69,2.8,3.8,1.0
09/01/2021,Day,69,2.8,2.9,0.1
09/01/2021,Evening,70,2.9,2.9,0.0
09/01/2021,Night,71,2.9,3.2,0.3
10/01/2021,Day,62,2.7,4.2,1.5
10/01/2021,Evening,54,2.5,2.6,0.1
10/01/2021,Night,47,2.4,2.6,0.2
11/01/2021,Day,39,2.2,2.1,-0.1
11/01/2021,Evening,39,2.2,2.3,0.1
11/01/2021,Night,38,2.2,2.1,-0.1
12/01/2021,Day,38,2.2,1.5,-0.7
12/01/2021,Evening,40,2.2,1.8,-0.4
12/01/2021,Night,40,2.2,2.8,0.6
13/01/2021,Day,38,2.2,2.4,0.2
13/01/2021,Evening,40,2.2,1.6,-0.6
13/01/2021,Night,38,2.2,2.2,0.0
14/01/2021,Day,39,2.2,2.2,0.0
14/01/2021,Evening,40,2.2,3.1,0.9
14/01/2021,Night,38,2.2,2.9,0.7
15/01/2021,Day,40,2.2,2.6,0.4
15/01/2021,Evening,39,2.2,2.4,0.2
15/01/2021,Night,38,2.2,2.1,-0.1
16/01/2021,Day,38,2.2,2.4,0.2
16/01/2021,Evening,38,2.2,2.3,0.1
16/01/2021,Night,39,2.2,3.1,0.9
17/01/2021,Day,38,2.2,2.5,0.3
17/01/2021,Evening,40,2.2,3.0,0.8
17/01/2021,Night,38,2.2,2.8,0.6
18/01/2021,Day,39,2.2,2.3,0.1
18/01/2021,Evening,40,2.2,2.8,0.6
18/01/2021,Night,39,2.2,2.7,0.5
19/01/2021,Day,40,2.2,1.8,-0.4
19/01/2021,Evening,40,2.2,1.8,-0.4
19/01/2021,Night,39,2.2,1.4,-0.8
20/01/2021,Day,39,2.2,2.8,0.6
20/01/2021,Evening,39,2.2,1.6,-0.6
20/01/2021,Night,39,2.2,2.3,0.1
21/01/2021,Day,38,2.2,2.1,-0.1
21/01/2021,Evening,39,2.2,3.2,1.0
21/01/2021,Night,40,2.2,1.6,-0.6
22/01/2021,Day,38,2.2,2.3,0.1
22/01/2021,Evening,39,2.2,2.5,0.3
22/01/2021,Night,38,2.2,1.4,-0.8
23/01/2021,Day,40,2.2,2.8,0.6
23/01/2021,Evening,40,2.2,2.2,0.0
23/01/2021,Night,40,2.2,2.1,-0.1
24/01/2021,Day,38,2.2,2.5,0.3
24/01/2021,Evening,38,2.2,1.3,-0.9
24/01/2021,Night,39,2.2,2.0,-0.2
25/01/2021,Day,39,2.2,2.1,-0.1
25/01/2021,Evening,39,2.2,1.8,-0.4
25/01/2021,Night,40,2.2,2.3,0.1
26/01/2021,Day,39,2.2,2.4,0.2
26/01/2021,Evening,38,2.2,2.5,0.3
26/01/2021,Night,39,2.2,2.4,0.2
27/01/2021,Day,40,2.2,1.8,-0.4
27/01/2021,Evening,39,2.2,2.1,-0.1
27/01/2021,Night,40,2.2,3.1,0.9
28/01/2021,Day,40,2.2,2.0,-0.2
28/01/2021,Evening,40,2.2,3.0,0.8
28/01/2021,Night,39,2.2,2.7,0.5
29/01/2021,Day,38,2.2,2.9,0.7
29/01/2021,Evening,39,2.2,1.9,-0.3
29/01/2021,Night,40,2.2,1.0,-1.2
30/01/2021,Day,39,2.2,2.7,0.5
30/01/2021,Evening,39,2.2,2.3,0.1
30/01/2021,Night,39,2.2,2.5,0.3
31/01/2021,Day,40,2.2,2.7,0.5
31/01/2021,Evening,40,2.2,1.4,-0.8
31/01/2021,Night,39,2.2,2.6,0.4
01/02/2021,Day,39,2.2,1.9,-0.3
01/02/2021,Evening,54,2.5,2.4,-0.1
01/02/2021,Night,68,2.8,2.4,-0.4
02/02/2021,Day,82,3.1,3.9,0.8
02/02/2021,Evening,97,3.4,4.2,0.8
02/02/2021,Night,96,3.4,3.6,0.2
03/02/2021,Day,98,3.5,3.6,0.1
03/02/2021,Evening,97,3.4,4.0,0.6
03/02/2021,Night,96,3.4,4.1,0.7
04/02/2021,Day,97,3.4,3.0,-0.4
04/02/2021,Evening,96,3.4,4.5,1.1
04/02/2021,Night,97,3.4,3.9,0.5
05/02/2021,Day,98,3.5,3.5,0.0
05/02/2021,Evening,97,3.4,3.5,0.1
05/02/2021,Night,98,3.5,3.1,-0.4
06/02/2021,Day,97,3.4,3.4,0.0
06/02/2021,Evening,97,3.4,3.7,0.3
06/02/2021,Night,98,3.5,3.2,-0.3
07/02/2021,Day,98,3.5,3.9,0.4
07/02/2021,Evening,96,3.4,3.9,0.5
07/02/2021,Night,97,3.4,2.9,-0.5
08/02/2021,Day,96,3.4,3.0,-0.4
08/02/2021,Evening,96,3.4,3.6,0.2
08/02/2021,Night,98,3.5,3.8,0.3
09/02/2021,Day,98,3.5,3.4,-0.1
09/02/2021,Evening,97,3.4,4.1,0.7
09/02/2021,Night,96,3.4,4.1,0.7
10/02/2021,Day,97,3.4,4.5,1.1
10/02/2021,Evening,96,3.4,3.4,0.0
10/02/2021,Night,98,3.5,4.5,1.0
11/02/2021,Day,97,3.4,4.2,0.8
11/02/2021,Evening,96,3.4,2.9,-0.5
11/02/2021,Night,98,3.5,3.7,0.2
12/02/2021,Day,96,3.4,2.9,-0.5
12/02/2021,Evening,97,3.4,3.8,0.4
12/02/2021,Night,89,3.3,3.5,0.2
13/02/2021,Day,82,3.1,2.5,-0.6
13/02/2021,Evening,74,2.9,3.7,0.8
13/02/2021,Night,74,2.9,2.2,-0.7
14/02/2021,Day,74,2.9,2.9,0.0
14/02/2021,Evening,75,3.0,2.1,-0.9
14/02/2021,Night,75,3.0,2.5,-0.5
15/02/2021,Day,74,2.9,3.1,0.2
15/02/2021,Evening,75,3.0,3.5,0.5
15/02/2021,Night,73,2.9,2.7,-0.2
16/02/2021,Day,74,2.9,3.7,0.8
16/02/2021,Evening,75,3.0,3.4,0.4
16/02/2021,Night,75,3.0,4.1,1.1
17/02/2021,Day,74,2.9,3.1,0.2
17/02/2021,Evening,74,2.9,2.2,-0.7
17/02/2021,Night,75,3.0,3.0,0.0
18/02/2021,Day,75,3.0,3.1,0.1
18/02/2021,Evening,74,2.9,2.7,-0.2
18/02/2021,Night,75,3.0,4.1,1.1
19/02/2021,Day,73,2.9,2.7,-0.2
19/02/2021,Evening,75,3.0,2.4,-0.6
19/02/2021,Night,73,2.9,2.9,0.0
20/02/2021,Day,73,2.9,2.6,-0.3
20/02/2021,Evening,75,3.0,2.8,-0.2
20/02/2021,Night,75,3.0,3.0,0.0
21/02/2021,Day,74,2.9,2.5,-0.4
21/02/2021,Evening,73,2.9,2.7,-0.2
21/02/2021,Night,76,3.0,2.5,-0.5
22/02/2021,Day,78,3.0,3.7,0.7
22/02/2021,Evening,81,3.1,4.0,0.9
22/02/2021,Night,83,3.1,3.8,0.7
23/02/2021,Day,84,3.2,2.9,-0.3
23/02/2021,Evening,82,3.1,4.4,1.3
23/02/2021,Night,83,3.1,3.3,0.2
24/02/2021,Day,82,3.1,2.7,-0.4
24/02/2021,Evening,84,3.2,3.3,0.1
24/02/2021,Night,83,3.1,2.9,-0.2
25/02/2021,Day,82,3.1,3.2,0.1
25/02/2021,Evening,82,3.1,3.2,0.1
25/02/2021,Night,83,3.1,2.8,-0.3
26/02/2021,Day,82,3.1,3.0,-0.1
26/02/2021,Evening,83,3.1,3.6,0.5
26/02/2021,Night,83,3.1,2.6,-0.5
27/02/2021,Day,83,3.1,3.2,0.1
27/02/2021,Evening,83,3.1,2.6,-0.5
27/02/2021,Night,82,3.1,3.9,0.8
28/02/2021,Day,82,3.1,3.7,0.6
28/02/2021,Evening,84,3.2,3.6,0.4
28/02/2021,Night,83,3.1,3.0,-0.1
01/03/2021,Day,84,3.2,3.2,0.0
01/03/2021,Evening,84,3.2,2.9,-0.3
01/03/2021,Night,82,3.1,3.2,0.1
02/03/2021,Day,82,3.1,4.0,0.9
02/03/2021,Evening,82,3.1,3.1,0.0
02/03/2021,Night,82,3.1,3.7,0.6
03/03/2021,Day,83,3.1,3.3,0.2
03/03/2021,Evening,82,3.1,3.8,0.7
03/03/2021,Night,82,3.1,3.4,0.3
04/03/2021,Day,82,3.1,3.6,0.5
04/03/2021,Evening,81,3.1,2.4,-0.7
04/03/2021,Night,82,3.1,3.9,0.8
05/03/2021,Day,83,3.1,3.1,0.0
05/03/2021,Evening,81,3.1,3.7,0.6
05/03/2021,Night,81,3.1,2.8,-0.3
06/03/2021,Day,82,3.1,2.9,-0.2
06/03/2021,Evening,83,3.1,2.8,-0.3
06/03/2021,Night,82,3.1,2.7,-0.4
07/03/2021,Day,82,3.1,4.0,0.9
07/03/2021,Evening,82,3.1,3.6,0.5
07/03/2021,Night,83,3.1,2.3,-0.8
08/03/2021,Day,81,3.1,2.8,-0.3
08/03/2021,Evening,82,3.1,4.0,0.9
08/03/2021,Night,82,3.1,2.6,-0.5
09/03/2021,Day,83,3.1,2.8,-0.3
09/03/2021,Evening,83,3.1,2.9,-0.2
09/03/2021,Night,81,3.1,3.6,0.5
10/03/2021,Day,81,3.1,3.8,0.7
10/03/2021,Evening,82,3.1,3.7,0.6
10/03/2021,Night,82,3.1,3.7,0.6
11/03/2021,Day,83,3.1,3.2,0.1
11/03/2021,Evening,82,3.1,2.6,-0.5
11/03/2021,Night,83,3.1,2.6,-0.5
12/03/2021,Day,82,3.1,2.8,-0.3
12/03/2021,Evening,83,3.1,3.1,0.0
12/03/2021,Night,82,3.1,4.1,1.0
13/03/2021,Day,82,3.1,3.9,0.8
13/03/2021,Evening,82,3.1,2.3,-0.8
13/03/2021,Night,81,3.1,3.3,0.2
14/03/2021,Day,82,3.1,3.2,0.1
14/03/2021,Evening,82,3.1,2.7,-0.4
14/03/2021,Night,81,3.1,3.2,0.1
15/03/2021,Day,81,3.1,3.6,0.5
15/03/2021,Evening,82,3.1,3.9,0.8
15/03/2021,Night,83,3.1,3.9,0.8
16/03/2021,Day,82,3.1,3.4,0.3
16/03/2021,Evening,83,3.1,4.1,1.0
16/03/2021,Night,82,3.1,3.4,0.3
17/03/2021,Day,83,3.1,3.7,0.6
17/03/2021,Evening,82,3.1,3.2,0.1
17/03/2021,Night,81,3.1,3.1,0.0
18/03/2021,Day,83,3.1,2.7,-0.4
18/03/2021,Evening,82,3.1,2.7,-0.4
18/03/2021,Night,82,3.1,4.0,0.9
19/03/2021,Day,81,3.1,4.0,0.9
19/03/2021,Evening,83,3.1,2.6,-0.5
19/03/2021,Night,83,3.1,3.4,0.3
20/03/2021,Day,83,3.1,1.9,-1.2
20/03/2021,Evening,86,3.2,3.3,0.1
20/03/2021,Night,90,3.3,4.2,0.9
21/03/2021,Day,95,3.4,3.6,0.2
21/03/2021,Evening,99,3.5,3.1,-0.4
21/03/2021,Night,99,3.5,3.5,0.0
22/03/2021,Day,99,3.5,2.7,-0.8
22/03/2021,Evening,98,3.5,3.1,-0.4
22/03/2021,Night,100,3.5,3.8,0.3
23/03/2021,Day,99,3.5,2.6,-0.9
23/03/2021,Evening,98,3.5,3.5,0.0
23/03/2021,Night,100,3.5,3.3,-0.2
24/03/2021,Day,98,3.5,3.7,0.2
24/03/2021,Evening,100,3.5,3.4,-0.1
24/03/2021,Night,99,3.5,3.3,-0.2
25/03/2021,Day,100,3.5,3.1,-0.4
25/03/2021,Evening,100,3.5,3.2,-0.3
25/03/2021,Night,100,3.5,4.6,1.1
26/03/2021,Day,100,3.5,3.0,-0.5
26/03/2021,Evening,98,3.5,4.0,0.5
26/03/2021,Night,100,3.5,3.5,0.0
27/03/2021,Day,98,3.5,3.3,-0.2
27/03/2021,Evening,100,3.5,3.3,-0.2
27/03/2021,Night,100,3.5,3.9,0.4
28/03/2021,Day,98,3.5,3.4,-0.1
28/03/2021,Evening,99,3.5,4.5,1.0
28/03/2021,Night,99,3.5,4.1,0.6
29/03/2021,Day,98,3.5,4.2,0.7
29/03/2021,Evening,100,3.5,4.1,0.6
29/03/2021,Night,99,3.5,3.2,-0.3
30/03/2021,Day,100,3.5,4.0,0.5
30/03/2021,Evening,98,3.5,3.1,-0.4
30/03/2021,Night,98,3.5,3.3,-0.2
31/03/2021,Day,99,3.5,4.4,0.9
31/03/2021,Evening,99,3.5,3.3,-0.2
31/03/2021,Night,100,3.5,3.5,0.0
01/04/2021,Day,99,3.5,3.8,0.3
01/04/2021,Evening,98,3.5,4.4,0.9
01/04/2021,Night,98,3.5,3.2,-0.3
02/04/2021,Day,98,3.5,2.6,-0.9
02/04/2021,Evening,100,3.5,4.2,0.7
02/04/2021,Night,99,3.5,4.2,0.7
03/04/2021,Day,100,3.5,3.9,0.4
03/04/2021,Evening,100,3.5,3.6,0.1
03/04/2021,Night,99,3.5,3.0,-0.5
04/04/2021,Day,98,3.5,3.4,-0.1
04/04/2021,Evening,99,3.5,3.4,-0.1
04/04/2021,Night,99,3.5,2.8,-0.7
05/04/2021,Day,99,3.5,3.0,-0.5
05/04/2021,Evening,100,3.5,3.4,-0.1
05/04/2021,Night,99,3.5,4.4,0.9
06/04/2021,Day,98,3.5,3.4,-0.1
06/04/2021,Evening,99,3.5,3.2,-0.3
06/04/2021,Night,86,3.2,2.4,-0.8
07/04/2021,Day,74,2.9,2.0,-0.9
07/04/2021,Evening,75,3.0,2.9,-0.1
07/04/2021,Night,75,3.0,3.1,0.1
08/04/2021,Day,75,3.0,3.2,0.2
08/04/2021,Evening,74,2.9,3.4,0.5
08/04/2021,Night,75,3.0,3.4,0.4
09/04/2021,Day,74,2.9,3.2,0.3
09/04/2021,Evening,73,2.9,3.1,0.2
09/04/2021,Night,74,2.9,2.9,0.0
10/04/2021,Day,73,2.9,3.9,1.0
10/04/2021,Evening,74,2.9,3.8,0.9
10/04/2021,Night,75,3.0,3.1,0.1
11/04/2021,Day,73,2.9,3.1,0.2
11/04/2021,Evening,74,2.9,3.2,0.3
11/04/2021,Night,74,2.9,3.1,0.2
12/04/2021,Day,75,3.0,2.8,-0.2
12/04/2021,Evening,75,3.0,2.7,-0.3
12/04/2021,Night,75,3.0,3.0,0.0
13/04/2021,Day,74,2.9,2.4,-0.5
13/04/2021,Evening,75,3.0,3.3,0.3
13/04/2021,Night,74,2.9,2.8,-0.1
14/04/2021,Day,75,3.0,2.6,-0.4
14/04/2021,Evening,74,2.9,3.2,0.3
14/04/2021,Night,73,2.9,3.8,0.9
15/04/2021,Day,75,3.0,2.7,-0.3
15/04/2021,Evening,73,2.9,3.4,0.5
15/04/2021,Night,74,2.9,3.3,0.4
16/04/2021,Day,73,2.9,2.3,-0.6
16/04/2021,Evening,75,3.0,3.1,0.1
16/04/2021,Night,75,3.0,3.0,0.0
17/04/2021,Day,74,2.9,2.7,-0.2
17/04/2021,Evening,75,3.0,3.5,0.5
17/04/2021,Night,73,2.9,3.2,0.3
18/04/2021,Day,75,3.0,2.4,-0.6
18/04/2021,Evening,73,2.9,3.2,0.3
18/04/2021,Night,75,3.0,3.1,0.1
19/04/2021,Day,74,2.9,3.0,0.1
19/04/2021,Evening,75,3.0,2.8,-0.2
19/04/2021,Night,74,2.9,3.7,0.8
20/04/2021,Day,75,3.0,2.4,-0.6
20/04/2021,Evening,74,2.9,2.7,-0.2
20/04/2021,Night,73,2.9,3.2,0.3
21/04/2021,Day,73,2.9,2.5,-0.4
21/04/2021,Evening,73,2.9,2.5,-0.4
21/04/2021,Night,73,2.9,2.6,-0.3
22/04/2021,Day,74,2.9,3.5,0.6
22/04/2021,Evening,74,2.9,3.0,0.1
22/04/2021,Night,73,2.9,2.7,-0.2
23/04/2021,Day,73,2.9,3.0,0.1
23/04/2021,Evening,73,2.9,2.7,-0.2
23/04/2021,Night,75,3.0,1.8,-1.2
24/04/2021,Day,73,2.9,3.5,0.6
24/04/2021,Evening,74,2.9,4.2,1.3
24/04/2021,Night,74,2.9,3.6,0.7
25/04/2021,Day,74,2.9,3.0,0.1
25/04/2021,Evening,75,3.0,2.9,-0.1
25/04/2021,Night,75,3.0,3.5,0.5
26/04/2021,Day,75,3.0,3.2,0.2
26/04/2021,Evening,76,3.0,3.1,0.1
26/04/2021,Night,78,3.0,3.4,0.4
27/04/2021,Day,81,3.1,3.3,0.2
27/04/2021,Evening,83,3.1,3.2,0.1
27/04/2021,Night,84,3.2,2.2,-1.0
28/04/2021,Day,82,3.1,3.5,0.4
28/04/2021,Evening,83,3.1,4.4,1.3
28/04/2021,Night,84,3.2,3.6,0.4
29/04/2021,Day,82,3.1,2.5,-0.6
29/04/2021,Evening,83,3.1,2.8,-0.3
29/04/2021,Night,84,3.2,2.7,-0.5
30/04/2021,Day,83,3.1,2.6,-0.5
30/04/2021,Evening,83,3.1,3.0,-0.1
30/04/2021,Night,82,3.1,4.1,1.0
01/05/2021,Day,84,3.2,3.2,0.0
01/05/2021,Evening,83,3.1,3.2,0.1
01/05/2021,Night,82,3.1,3.1,0.0
02/05/2021,Day,83,3.1,2.7,-0.4
02/05/2021,Evening,83,3.1,3.8,0.7
02/05/2021,Night,82,3.1,3.1,0.0
03/05/2021,Day,83,3.1,3.3,0.2
03/05/2021,Evening,82,3.1,3.0,-0.1
03/05/2021,Night,84,3.2,2.9,-0.3
04/05/2021,Day,83,3.1,3.1,0.0
04/05/2021,Evening,84,3.2,2.7,-0.5
04/05/2021,Night,84,3.2,4.2,1.0
05/05/2021,Day,83,3.1,3.0,-0.1
05/05/2021,Evening,82,3.1,2.9,-0.2
05/05/2021,Night,83,3.1,2.9,-0.2
06/05/2021,Day,83,3.1,4.4,1.3
06/05/2021,Evening,82,3.1,2.8,-0.3
06/05/2021,Night,82,3.1,2.9,-0.2
07/05/2021,Day,83,3.1,2.5,-0.6
07/05/2021,Evening,82,3.1,2.9,-0.2
07/05/2021,Night,84,3.2,3.2,0.0
08/05/2021,Day,82,3.1,3.0,-0.1
08/05/2021,Evening,84,3.2,3.1,-0.1
08/05/2021,Night,84,3.2,3.7,0.5
09/05/2021,Day,84,3.2,2.6,-0.6
09/05/2021,Evening,82,3.1,2.4,-0.7
09/05/2021,Night,82,3.1,3.3,0.2
10/05/2021,Day,83,3.1,3.4,0.3
10/05/2021,Evening,82,3.1,3.6,0.5
10/05/2021,Night,82,3.1,2.9,-0.2
11/05/2021,Day,84,3.2,3.4,0.2
11/05/2021,Evening,82,3.1,3.0,-0.1
11/05/2021,Night,82,3.1,3.2,0.1
12/05/2021,Day,84,3.2,4.2,1.0
12/05/2021,Evening,82,3.1,3.8,0.7
12/05/2021,Night,84,3.2,3.4,0.2
13/05/2021,Day,82,3.1,3.3,0.2
13/05/2021,Evening,82,3.1,2.7,-0.4
13/05/2021,Night,72,2.9,2.5,-0.4
14/05/2021,Day,60,2.6,2.7,0.1
14/05/2021,Evening,49,2.4,2.3,-0.1
14/05/2021,Night,48,2.4,3.2,0.8
15/05/2021,Day,48,2.4,2.5,0.1
15/05/2021,Evening,50,2.4,2.7,0.3
15/05/2021,Night,49,2.4,3.6,1.2
16/05/2021,Day,48,2.4,3.3,0.9
16/05/2021,Evening,48,2.4,2.6,0.2
16/05/2021,Night,50,2.4,1.9,-0.5
17/05/2021,Day,48,2.4,2.3,-0.1
17/05/2021,Evening,48,2.4,2.3,-0.1
17/05/2021,Night,48,2.4,2.3,-0.1
18/05/2021,Day,49,2.4,2.3,-0.1
18/05/2021,Evening,48,2.4,2.2,-0.2
18/05/2021,Night,50,2.4,1.7,-0.7
19/05/2021,Day,49,2.4,2.8,0.4
19/05/2021,Evening,48,2.4,3.5,1.1
19/05/2021,Night,48,2.4,3.1,0.7
20/05/2021,Day,49,2.4,2.0,-0.4
20/05/2021,Evening,48,2.4,1.7,-0.7
20/05/2021,Night,48,2.4,2.9,0.5
21/05/2021,Day,50,2.4,3.2,0.8
21/05/2021,Evening,49,2.4,2.9,0.5
21/05/2021,Night,64,2.7,3.6,0.9
22/05/2021,Day,78,3.0,3.3,0.3
22/05/2021,Evening,93,3.4,3.7,0.3
22/05/2021,Night,93,3.4,3.6,0.2
23/05/2021,Day,93,3.4,3.7,0.3
23/05/2021,Evening,94,3.4,3.9,0.5
23/05/2021,Night,94,3.4,4.4,1.0
24/05/2021,Day,92,3.3,3.9,0.6
24/05/2021,Evening,93,3.4,4.0,0.6
24/05/2021,Night,94,3.4,3.3,-0.1
25/05/2021,Day,92,3.3,3.0,-0.3
25/05/2021,Evening,94,3.4,3.7,0.3
25/05/2021,Night,92,3.3,3.3,0.0
26/05/2021,Day,94,3.4,4.0,0.6
26/05/2021,Evening,94,3.4,3.6,0.2
26/05/2021,Night,94,3.4,3.6,0.2
27/05/2021,Day,93,3.4,3.5,0.1
27/05/2021,Evening,93,3.4,3.4,0.0
27/05/2021,Night,94,3.4,3.5,0.1
28/05/2021,Day,92,3.3,3.3,0.0
28/05/2021,Evening,92,3.3,3.7,0.4
28/05/2021,Night,93,3.4,3.2,-0.2
29/05/2021,Day,93,3.4,3.1,-0.3
29/05/2021,Evening,93,3.4,3.5,0.1
29/05/2021,Night,94,3.4,3.3,-0.1
30/05/2021,Day,92,3.3,2.8,-0.5
30/05/2021,Evening,93,3.4,3.3,-0.1
30/05/2021,Night,88,3.2,4.5,1.3
31/05/2021,Day,84,3.2,2.7,-0.5
31/05/2021,Evening,84,3.2,4.0,0.8
31/05/2021,Night,85,3.2,3.6,0.4
01/06/2021,Day,83,3.1,3.3,0.2
01/06/2021,Evening,83,3.1,3.4,0.3
01/06/2021,Night,83,3.1,4.1,1.0
02/06/2021,Day,84,3.2,3.6,0.4
02/06/2021,Evening,85,3.2,2.4,-0.8
02/06/2021,Night,85,3.2,3.2,0.0
03/06/2021,Day,85,3.2,4.0,0.8
03/06/2021,Evening,85,3.2,3.0,-0.2
03/06/2021,Night,85,3.2,4.4,1.2
04/06/2021,Day,84,3.2,4.3,1.1
04/06/2021,Evening,84,3.2,3.1,-0.1
04/06/2021,Night,85,3.2,2.6,-0.6
05/06/2021,Day,85,3.2,2.3,-0.9
05/06/2021,Evening,84,3.2,4.4,1.2
05/06/2021,Night,84,3.2,3.4,0.2
06/06/2021,Day,85,3.2,3.4,0.2
06/06/2021,Evening,85,3.2,3.5,0.3
06/06/2021,Night,84,3.2,2.9,-0.3
07/06/2021,Day,83,3.1,3.0,-0.1
07/06/2021,Evening,85,3.2,3.2,0.0
07/06/2021,Night,83,3.1,3.2,0.1
08/06/2021,Day,85,3.2,3.6,0.4
08/06/2021,Evening,86,3.2,4.2,1.0
08/06/2021,Night,89,3.3,3.4,0.1
09/06/2021,Day,92,3.3,3.1,-0.2
09/06/2021,Evening,94,3.4,4.4,1.0
09/06/2021,Night,93,3.4,3.0,-0.4
10/06/2021,Day,94,3.4,3.8,0.4
10/06/2021,Evening,94,3.4,3.8,0.4
10/06/2021,Night,93,3.4,3.3,-0.1
11/06/2021,Day,94,3.4,3.3,-0.1
11/06/2021,Evening,94,3.4,4.1,0.7
11/06/2021,Night,94,3.4,4.0,0.6
12/06/2021,Day,94,3.4,3.4,0.0
12/06/2021,Evening,94,3.4,3.5,0.1
12/06/2021,Night,95,3.4,3.6,0.2
13/06/2021,Day,93,3.4,2.0,-1.4
13/06/2021,Evening,94,3.4,2.9,-0.5
13/06/2021,Night,94,3.4,3.3,-0.1
14/06/2021,Day,94,3.4,4.2,0.8
14/06/2021,Evening,95,3.4,3.9,0.5
14/06/2021,Night,94,3.4,3.6,0.2
15/06/2021,Day,94,3.4,3.9,0.5
15/06/2021,Evening,93,3.4,2.5,-0.9
15/06/2021,Night,95,3.4,3.0,-0.4
16/06/2021,Day,94,3.4,3.1,-0.3
16/06/2021,Evening,93,3.4,4.1,0.7
16/06/2021,Night,93,3.4,3.6,0.2
17/06/2021,Day,93,3.4,4.0,0.6
17/06/2021,Evening,93,3.4,3.9,0.5
17/06/2021,Night,94,3.4,3.7,0.3
18/06/2021,Day,93,3.4,3.1,-0.3
18/06/2021,Evening,95,3.4,3.6,0.2
18/06/2021,Night,95,3.4,3.1,-0.3
19/06/2021,Day,94,3.4,2.9,-0.5
19/06/2021,Evening,93,3.4,3.9,0.5
19/06/2021,Night,95,3.4,4.1,0.7
20/06/2021,Day,93,3.4,4.0,0.6
20/06/2021,Evening,95,3.4,2.4,-1.0
20/06/2021,Night,95,3.4,3.8,0.4
21/06/2021,Day,95,3.4,3.9,0.5
21/06/2021,Evening,94,3.4,3.7,0.3
21/06/2021,Night,95,3.4,2.8,-0.6
22/06/2021,Day,93,3.4,3.3,-0.1
22/06/2021,Evening,94,3.4,3.2,-0.2
22/06/2021,Night,94,3.4,3.1,-0.3
23/06/2021,Day,95,3.4,4.1,0.7
23/06/2021,Evening,94,3.4,3.3,-0.1
23/06/2021,Night,95,3.4,4.1,0.7
24/06/2021,Day,93,3.4,2.7,-0.7
24/06/2021,Evening,94,3.4,3.9,0.5
24/06/2021,Night,91,3.3,3.2,-0.1
25/06/2021,Day,88,3.2,3.4,0.2
25/06/2021,Evening,84,3.2,3.2,0.0
25/06/2021,Night,81,3.1,3.1,0.0
26/06/2021,Day,82,3.1,3.1,0.0
26/06/2021,Evening,80,3.1,4.2,1.1
26/06/2021,Night,80,3.1,3.5,0.4
27/06/2021,Day,82,3.1,3.1,0.0
27/06/2021,Evening,81,3.1,3.2,0.1
27/06/2021,Night,80,3.1,2.6,-0.5
28/06/2021,Day,80,3.1,3.1,0.0
28/06/2021,Evening,81,3.1,2.2,-0.9
28/06/2021,Night,82,3.1,3.7,0.6
29/06/2021,Day,81,3.1,2.7,-0.4
29/06/2021,Evening,80,3.1,3.5,0.4
29/06/2021,Night,81,3.1,2.7,-0.4
30/06/2021,Day,82,3.1,3.3,0.2
30/06/2021,Evening,80,3.1,2.9,-0.2
30/06/2021,Night,81,3.1,3.6,0.5
01/07/2021,Day,82,3.1,3.4,0.3
01/07/2021,Evening,82,3.1,3.8,0.7
01/07/2021,Night,82,3.1,2.9,-0.2
02/07/2021,Day,82,3.1,3.1,0.0
02/07/2021,Evening,82,3.1,3.0,-0.1
02/07/2021,Night,82,3.1,2.4,-0.7
03/07/2021,Day,80,3.1,3.9,0.8
03/07/2021,Evening,82,3.1,2.4,-0.7
03/07/2021,Night,82,3.1,2.7,-0.4
04/07/2021,Day,80,3.1,3.7,0.6
04/07/2021,Evening,78,3.0,3.6,0.6
04/07/2021,Night,78,3.0,3.6,0.6
05/07/2021,Day,79,3.0,3.4,0.4
05/07/2021,Evening,78,3.0,3.5,0.5
05/07/2021,Night,78,3.0,3.2,0.2
06/07/2021,Day,78,3.0,4.5,1.5
06/07/2021,Evening,77,3.0,2.8,-0.2
06/07/2021,Night,77,3.0,2.8,-0.2
07/07/2021,Day,77,3.0,2.4,-0.6
07/07/2021,Evening,79,3.0,3.4,0.4
07/07/2021,Night,79,3.0,3.4,0.4
08/07/2021,Day,78,3.0,2.6,-0.4
08/07/2021,Evening,77,3.0,2.9,-0.1
08/07/2021,Night,77,3.0,3.4,0.4
09/07/2021,Day,79,3.0,3.0,0.0
09/07/2021,Evening,79,3.0,3.0,0.0
09/07/2021,Night,77,3.0,2.0,-1.0
10/07/2021,Day,77,3.0,4.0,1.0
10/07/2021,Evening,79,3.0,3.4,0.4
10/07/2021,Night,79,3.0,3.2,0.2
11/07/2021,Day,77,3.0,3.6,0.6
11/07/2021,Evening,78,3.0,3.2,0.2
11/07/2021,Night,79,3.0,3.9,0.9
12/07/2021,Day,79,3.0,2.3,-0.7
12/07/2021,Evening,80,3.1,3.2,0.1
12/07/2021,Night,80,3.1,2.4,-0.7
13/07/2021,Day,81,3.1,4.0,0.9
13/07/2021,Evening,80,3.1,3.4,0.3
13/07/2021,Night,81,3.1,3.2,0.1
14/07/2021,Day,81,3.1,3.1,0.0
14/07/2021,Evening,79,3.0,3.0,0.0
14/07/2021,Night,79,3.0,3.9,0.9
15/07/2021,Day,79,3.0,3.0,0.0
15/07/2021,Evening,79,3.0,3.0,0.0
15/07/2021,Night,81,3.1,4.1,1.0
16/07/2021,Day,79,3.0,2.6,-0.4
16/07/2021,Evening,81,3.1,3.0,-0.1
16/07/2021,Night,79,3.0,2.8,-0.2
17/07/2021,Day,80,3.1,3.6,0.5
17/07/2021,Evening,80,3.1,2.4,-0.7
17/07/2021,Night,81,3.1,2.7,-0.4
18/07/2021,Day,80,3.1,3.6,0.5
18/07/2021,Evening,80,3.1,3.4,0.3
18/07/2021,Night,81,3.1,3.6,0.5
19/07/2021,Day,80,3.1,3.2,0.1
19/07/2021,Evening,80,3.1,2.5,-0.6
19/07/2021,Night,80,3.1,3.8,0.7
20/07/2021,Day,79,3.0,2.7,-0.3
20/07/2021,Evening,81,3.1,4.0,0.9
20/07/2021,Night,79,3.0,3.2,0.2
21/07/2021,Day,80,3.1,3.2,0.1
21/07/2021,Evening,80,3.1,3.7,0.6
21/07/2021,Night,71,2.9,2.7,-0.2
22/07/2021,Day,62,2.7,2.9,0.2
22/07/2021,Evening,54,2.5,3.3,0.8
22/07/2021,Night,45,2.3,2.4,0.1
23/07/2021,Day,45,2.3,2.8,0.5
23/07/2021,Evening,44,2.3,2.8,0.5
23/07/2021,Night,44,2.3,3.0,0.7
24/07/2021,Day,45,2.3,2.8,0.5
24/07/2021,Evening,46,2.3,1.8,-0.5
24/07/2021,Night,44,2.3,2.1,-0.2
25/07/2021,Day,44,2.3,2.7,0.4
25/07/2021,Evening,44,2.3,3.0,0.7
25/07/2021,Night,45,2.3,3.0,0.7
26/07/2021,Day,44,2.3,1.8,-0.5
26/07/2021,Evening,44,2.3,2.6,0.3
26/07/2021,Night,45,2.3,2.2,-0.1
27/07/2021,Day,45,2.3,2.1,-0.2
27/07/2021,Evening,45,2.3,2.5,0.2
27/07/2021,Night,44,2.3,2.7,0.4
28/07/2021,Day,44,2.3,2.2,-0.1
28/07/2021,Evening,45,2.3,2.3,0.0
28/07/2021,Night,46,2.3,1.4,-0.9
29/07/2021,Day,45,2.3,2.4,0.1
29/07/2021,Evening,44,2.3,2.7,0.4
29/07/2021,Night,44,2.3,2.7,0.4
30/07/2021,Day,45,2.3,3.0,0.7
30/07/2021,Evening,46,2.3,2.2,-0.1
30/07/2021,Night,46,2.3,1.4,-0.9
31/07/2021,Day,44,2.3,3.2,0.9
31/07/2021,Evening,46,2.3,1.8,-0.5
31/07/2021,Night,46,2.3,1.7,-0.6
01/08/2021,Day,46,2.3,2.3,0.0
01/08/2021,Evening,45,2.3,1.6,-0.7
01/08/2021,Night,44,2.3,2.8,0.5
02/08/2021,Day,45,2.3,2.4,0.1
02/08/2021,Evening,46,2.3,2.0,-0.3
02/08/2021,Night,44,2.3,2.1,-0.2
03/08/2021,Day,45,2.3,2.1,-0.2
03/08/2021,Evening,44,2.3,2.5,0.2
03/08/2021,Night,45,2.3,2.2,-0.1
04/08/2021,Day,44,2.3,2.6,0.3
04/08/2021,Evening,45,2.3,1.7,-0.6
04/08/2021,Night,46,2.3,2.1,-0.2
05/08/2021,Day,45,2.3,2.0,-0.3
05/08/2021,Evening,46,2.3,2.1,-0.2
05/08/2021,Night,45,2.3,2.9,0.6
06/08/2021,Day,46,2.3,3.1,0.8
06/08/2021,Evening,46,2.3,3.1,0.8
06/08/2021,Night,45,2.3,2.2,-0.1
07/08/2021,Day,45,2.3,2.9,0.6
07/08/2021,Evening,44,2.3,2.7,0.4
07/08/2021,Night,45,2.3,2.5,0.2
08/08/2021,Day,44,2.3,2.5,0.2
08/08/2021,Evening,45,2.3,1.4,-0.9
08/08/2021,Night,44,2.3,2.3,0.0
09/08/2021,Day,46,2.3,2.1,-0.2
09/08/2021,Evening,45,2.3,1.6,-0.7
09/08/2021,Night,46,2.3,2.2,-0.1
10/08/2021,Day,45,2.3,2.3,0.0
10/08/2021,Evening,44,2.3,3.0,0.7
10/08/2021,Night,45,2.3,2.1,-0.2
11/08/2021,Day,44,2.3,2.9,0.6
11/08/2021,Evening,44,2.3,2.0,-0.3
11/08/2021,Night,45,2.3,2.5,0.2
12/08/2021,Day,46,2.3,2.3,0.0
12/08/2021,Evening,45,2.3,1.9,-0.4
12/08/2021,Night,46,2.3,1.6,-0.7
13/08/2021,Day,44,2.3,2.5,0.2
13/08/2021,Evening,45,2.3,2.5,0.2
13/08/2021,Night,45,2.3,3.2,0.9
14/08/2021,Day,61,2.7,2.6,-0.1
14/08/2021,Evening,77,3.0,2.7,-0.3
14/08/2021,Night,76,3.0,3.4,0.4
15/08/2021,Day,78,3.0,3.7,0.7
15/08/2021,Evening,78,3.0,2.6,-0.4
15/08/2021,Night,76,3.0,2.1,-0.9
16/08/2021,Day,78,3.0,3.7,0.7
16/08/2021,Evening,78,3.0,2.3,-0.7
16/08/2021,Night,76,3.0,3.3,0.3
17/08/2021,Day,77,3.0,2.6,-0.4
17/08/2021,Evening,77,3.0,3.9,0.9
17/08/2021,Night,78,3.0,4.0,1.0
18/08/2021,Day,78,3.0,2.7,-0.3
18/08/2021,Evening,76,3.0,2.7,-0.3
18/08/2021,Night,76,3.0,2.9,-0.1
19/08/2021,Day,76,3.0,3.2,0.2
19/08/2021,Evening,76,3.0,4.0,1.0
19/08/2021,Night,77,3.0,3.4,0.4
20/08/2021,Day,76,3.0,3.1,0.1
20/08/2021,Evening,76,3.0,2.7,-0.3
20/08/2021,Night,78,3.0,2.8,-0.2
21/08/2021,Day,76,3.0,3.2,0.2
21/08/2021,Evening,78,3.0,3.2,0.2
21/08/2021,Night,76,3.0,3.2,0.2
22/08/2021,Day,76,3.0,3.1,0.1
22/08/2021,Evening,78,3.0,2.6,-0.4
22/08/2021,Night,77,3.0,3.1,0.1
23/08/2021,Day,77,3.0,2.9,-0.1
23/08/2021,Evening,78,3.0,3.4,0.4
23/08/2021,Night,78,3.0,3.4,0.4
24/08/2021,Day,77,3.0,2.7,-0.3
24/08/2021,Evening,78,3.0,3.6,0.6
24/08/2021,Night,78,3.0,3.5,0.5
25/08/2021,Day,78,3.0,2.8,-0.2
25/08/2021,Evening,78,3.0,3.0,0.0
25/08/2021,Night,78,3.0,2.6,-0.4
26/08/2021,Day,77,3.0,3.0,0.0
26/08/2021,Evening,78,3.0,2.0,-1.0
26/08/2021,Night,71,2.9,2.1,-0.8
27/08/2021,Day,65,2.8,2.7,-0.1
27/08/2021,Evening,59,2.6,3.0,0.4
27/08/2021,Night,59,2.6,2.2,-0.4
28/08/2021,Day,60,2.6,2.6,0.0
28/08/2021,Evening,59,2.6,3.1,0.5
28/08/2021,Night,59,2.6,3.4,0.8
29/08/2021,Day,60,2.6,1.3,-1.3
29/08/2021,Evening,58,2.6,2.9,0.3
29/08/2021,Night,59,2.6,2.0,-0.6
30/08/2021,Day,60,2.6,2.4,-0.2
30/08/2021,Evening,58,2.6,2.6,0.0
30/08/2021,Night,59,2.6,2.9,0.3
31/08/2021,Day,59,2.6,2.9,0.3
31/08/2021,Evening,59,2.6,2.6,0.0
31/08/2021,Night,58,2.6,2.9,0.3
01/09/2021,Day,58,2.6,3.6,1.0
01/09/2021,Evening,59,2.6,3.0,0.4
01/09/2021,Night,59,2.6,2.7,0.1
02/09/2021,Day,58,2.6,1.9,-0.7
02/09/2021,Evening,60,2.6,2.7,0.1
02/09/2021,Night,58,2.6,3.0,0.4
03/09/2021,Day,60,2.6,2.1,-0.5
03/09/2021,Evening,60,2.6,2.7,0.1
03/09/2021,Night,60,2.6,2.6,0.0
04/09/2021,Day,59,2.6,2.2,-0.4
04/09/2021,Evening,59,2.6,3.2,0.6
04/09/2021,Night,69,2.8,3.3,0.5
05/09/2021,Day,80,3.1,2.4,-0.7
05/09/2021,Evening,90,3.3,2.8,-0.5
05/09/2021,Night,100,3.5,3.8,0.3
06/09/2021,Day,99,3.5,4.0,0.5
06/09/2021,Evening,100,3.5,3.9,0.4
06/09/2021,Night,101,3.5,3.2,-0.3
07/09/2021,Day,101,3.5,4.2,0.7
07/09/2021,Evening,99,3.5,3.5,0.0
07/09/2021,Night,100,3.5,2.5,-1.0
08/09/2021,Day,101,3.5,3.1,-0.4
08/09/2021,Evening,100,3.5,4.1,0.6
08/09/2021,Night,101,3.5,3.4,-0.1
09/09/2021,Day,99,3.5,4.9,1.4
09/09/2021,Evening,99,3.5,4.5,1.0
09/09/2021,Night,100,3.5,4.0,0.5
10/09/2021,Day,99,3.5,3.9,0.4
10/09/2021,Evening,100,3.5,4.2,0.7
10/09/2021,Night,101,3.5,4.7,1.2
11/09/2021,Day,99,3.5,3.8,0.3
11/09/2021,Evening,101,3.5,4.2,0.7
11/09/2021,Night,101,3.5,3.4,-0.1
12/09/2021,Day,99,3.5,4.0,0.5
12/09/2021,Evening,99,3.5,4.5,1.0
12/09/2021,Night,99,3.5,2.9,-0.6
13/09/2021,Day,101,3.5,3.6,0.1
13/09/2021,Evening,100,3.5,3.1,-0.4
13/09/2021,Night,100,3.5,3.2,-0.3
14/09/2021,Day,101,3.5,3.2,-0.3
14/09/2021,Evening,101,3.5,4.2,0.7
14/09/2021,Night,101,3.5,3.9,0.4
15/09/2021,Day,99,3.5,3.7,0.2
15/09/2021,Evening,100,3.5,3.6,0.1
15/09/2021,Night,100,3.5,4.2,0.7
16/09/2021,Day,100,3.5,3.4,-0.1
16/09/2021,Evening,100,3.5,3.2,-0.3
16/09/2021,Night,100,3.5,3.7,0.2
17/09/2021,Day,100,3.5,3.8,0.3
17/09/2021,Evening,101,3.5,3.4,-0.1
17/09/2021,Night,101,3.5,2.6,-0.9
18/09/2021,Day,99,3.5,2.9,-0.6
18/09/2021,Evening,101,3.5,3.4,-0.1
18/09/2021,Night,101,3.5,3.1,-0.4
19/09/2021,Day,100,3.5,3.4,-0.1
19/09/2021,Evening,99,3.5,3.2,-0.3
19/09/2021,Night,100,3.5,4.4,0.9
20/09/2021,Day,99,3.5,3.9,0.4
20/09/2021,Evening,101,3.5,5.0,1.5
20/09/2021,Night,101,3.5,3.2,-0.3
21/09/2021,Day,100,3.5,3.8,0.3
21/09/2021,Evening,100,3.5,4.0,0.5
21/09/2021,Night,100,3.5,3.7,0.2
22/09/2021,Day,101,3.5,3.0,-0.5
22/09/2021,Evening,101,3.5,3.7,0.2
22/09/2021,Night,101,3.5,3.2,-0.3
23/09/2021,Day,99,3.5,3.7,0.2
23/09/2021,Evening,100,3.5,4.1,0.6
23/09/2021,Night,99,3.5,4.1,0.6
24/09/2021,Day,101,3.5,3.7,0.2
24/09/2021,Evening,101,3.5,4.3,0.8
24/09/2021,Night,99,3.5,3.8,0.3
25/09/2021,Day,95,3.4,3.2,-0.2
25/09/2021,Evening,90,3.3,3.0,-0.3
25/09/2021,Night,84,3.2,3.6,0.4
26/09/2021,Day,79,3.0,2.8,-0.2
26/09/2021,Evening,80,3.1,3.3,0.2
26/09/2021,Night,79,3.0,2.7,-0.3
27/09/2021,Day,78,3.0,3.9,0.9
27/09/2021,Evening,80,3.1,2.8,-0.3
27/09/2021,Night,80,3.1,2.3,-0.8
28/09/2021,Day,78,3.0,3.6,0.6
28/09/2021,Evening,79,3.0,2.8,-0.2
28/09/2021,Night,80,3.1,3.3,0.2
29/09/2021,Day,79,3.0,3.7,0.7
29/09/2021,Evening,80,3.1,3.4,0.3
29/09/2021,Night,79,3.0,2.8,-0.2
30/09/2021,Day,78,3.0,2.9,-0.1
30/09/2021,Evening,80,3.1,2.4,-0.7
30/09/2021,Night,80,3.1,2.9,-0.2
01/10/2021,Day,80,3.1,3.5,0.4
01/10/2021,Evening,80,3.1,2.5,-0.6
01/10/2021,Night,80,3.1,3.1,0.0
02/10/2021,Day,78,3.0,3.2,0.2
02/10/2021,Evening,80,3.1,3.7,0.6
02/10/2021,Night,80,3.1,2.6,-0.5
03/10/2021,Day,79,3.0,3.7,0.7
03/10/2021,Evening,80,3.1,2.9,-0.2
03/10/2021,Night,79,3.0,3.7,0.7
04/10/2021,Day,78,3.0,3.4,0.4
04/10/2021,Evening,79,3.0,3.6,0.6
04/10/2021,Night,79,3.0,3.3,0.3
05/10/2021,Day,78,3.0,3.8,0.8
05/10/2021,Evening,78,3.0,3.5,0.5
05/10/2021,Night,79,3.0,3.9,0.9
06/10/2021,Day,79,3.0,3.5,0.5
06/10/2021,Evening,78,3.0,3.1,0.1
06/10/2021,Night,78,3.0,3.2,0.2
07/10/2021,Day,78,3.0,2.8,-0.2
07/10/2021,Evening,78,3.0,3.2,0.2
07/10/2021,Night,78,3.0,3.6,0.6
08/10/2021,Day,79,3.0,3.3,0.3
08/10/2021,Evening,78,3.0,4.1,1.1
08/10/2021,Night,80,3.1,3.5,0.4
09/10/2021,Day,80,3.1,2.9,-0.2
09/10/2021,Evening,80,3.1,3.3,0.2
09/10/2021,Night,80,3.1,3.0,-0.1
10/10/2021,Day,78,3.0,4.3,1.3
10/10/2021,Evening,80,3.1,3.9,0.8
10/10/2021,Night,79,3.0,3.1,0.1
11/10/2021,Day,80,3.1,3.3,0.2
11/10/2021,Evening,78,3.0,4.0,1.0
11/10/2021,Night,80,3.1,2.3,-0.8
12/10/2021,Day,79,3.0,3.5,0.5
12/10/2021,Evening,78,3.0,2.8,-0.2
12/10/2021,Night,78,3.0,2.8,-0.2
13/10/2021,Day,78,3.0,4.2,1.2
13/10/2021,Evening,86,3.2,3.9,0.7
13/10/2021,Night,94,3.4,3.2,-0.2
14/10/2021,Day,95,3.4,3.5,0.1
14/10/2021,Evening,94,3.4,3.9,0.5
14/10/2021,Night,93,3.4,3.6,0.2
15/10/2021,Day,94,3.4,3.0,-0.4
15/10/2021,Evening,94,3.4,2.9,-0.5
15/10/2021,Night,95,3.4,4.1,0.7
16/10/2021,Day,95,3.4,4.0,0.6
16/10/2021,Evening,93,3.4,4.0,0.6
16/10/2021,Night,94,3.4,2.5,-0.9
17/10/2021,Day,95,3.4,4.1,0.7
17/10/2021,Evening,94,3.4,4.0,0.6
17/10/2021,Night,95,3.4,3.7,0.3
18/10/2021,Day,94,3.4,4.1,0.7
18/10/2021,Evening,93,3.4,2.9,-0.5
18/10/2021,Night,95,3.4,3.4,0.0
19/10/2021,Day,93,3.4,3.7,0.3
19/10/2021,Evening,94,3.4,3.2,-0.2
19/10/2021,Night,94,3.4,3.5,0.1
20/10/2021,Day,93,3.4,4.3,0.9
20/10/2021,Evening,94,3.4,3.6,0.2
20/10/2021,Night,95,3.4,3.4,0.0
21/10/2021,Day,95,3.4,3.8,0.4
21/10/2021,Evening,94,3.4,3.0,-0.4
21/10/2021,Night,94,3.4,4.4,1.0
22/10/2021,Day,94,3.4,3.7,0.3
22/10/2021,Evening,94,3.4,4.0,0.6
22/10/2021,Night,95,3.4,3.4,0.0
23/10/2021,Day,95,3.4,4.9,1.5
23/10/2021,Evening,94,3.4,3.4,0.0
23/10/2021,Night,93,3.4,3.9,0.5
24/10/2021,Day,93,3.4,3.1,-0.3
24/10/2021,Evening,95,3.4,3.8,0.4
24/10/2021,Night,93,3.4,3.6,0.2
25/10/2021,Day,94,3.4,3.1,-0.3
25/10/2021,Evening,93,3.4,3.2,-0.2
25/10/2021,Night,95,3.4,3.9,0.5
26/10/2021,Day,94,3.4,2.3,-1.1
26/10/2021,Evening,94,3.4,3.0,-0.4
26/10/2021,Night,95,3.4,3.2,-0.2
27/10/2021,Day,93,3.4,2.8,-0.6
27/10/2021,Evening,95,3.4,3.4,0.0
27/10/2021,Night,95,3.4,2.7,-0.7
28/10/2021,Day,93,3.4,2.7,-0.7
28/10/2021,Evening,94,3.4,3.3,-0.1
28/10/2021,Night,93,3.4,3.9,0.5
29/10/2021,Day,93,3.4,4.4,1.0
29/10/2021,Evening,94,3.4,3.6,0.2
29/10/2021,Night,94,3.4,3.0,-0.4
30/10/2021,Day,87,3.2,3.9,0.7
30/10/2021,Evening,81,3.1,3.3,0.2
30/10/2021,Night,74,2.9,3.8,0.9
31/10/2021,Day,73,2.9,3.9,1.0
31/10/2021,Evening,73,2.9,2.7,-0.2
31/10/2021,Night,74,2.9,2.6,-0.3
01/11/2021,Day,74,2.9,2.9,0.0
01/11/2021,Evening,73,2.9,3.6,0.7
01/11/2021,Night,74,2.9,3.1,0.2
02/11/2021,Day,73,2.9,4.1,1.2
02/11/2021,Evening,74,2.9,3.3,0.4
02/11/2021,Night,75,3.0,3.3,0.3
03/11/2021,Day,74,2.9,3.3,0.4
03/11/2021,Evening,73,2.9,3.4,0.5
03/11/2021,Night,74,2.9,3.1,0.2
04/11/2021,Day,73,2.9,4.1,1.2
04/11/2021,Evening,74,2.9,3.8,0.9
04/11/2021,Night,73,2.9,3.6,0.7
05/11/2021,Day,73,2.9,3.1,0.2
05/11/2021,Evening,74,2.9,3.6,0.7
05/11/2021,Night,73,2.9,2.2,-0.7
06/11/2021,Day,75,3.0,2.9,-0.1
06/11/2021,Evening,75,3.0,2.9,-0.1
06/11/2021,Night,74,2.9,3.5,0.6
07/11/2021,Day,73,2.9,2.7,-0.2
07/11/2021,Evening,73,2.9,3.7,0.8
07/11/2021,Night,73,2.9,2.6,-0.3
08/11/2021,Day,74,2.9,2.7,-0.2
08/11/2021,Evening,74,2.9,2.7,-0.2
08/11/2021,Night,75,3.0,2.7,-0.3
09/11/2021,Day,73,2.9,3.5,0.6
09/11/2021,Evening,75,3.0,3.2,0.2
09/11/2021,Night,74,2.9,2.8,-0.1
10/11/2021,Day,74,2.9,3.6,0.7
10/11/2021,Evening,75,3.0,3.3,0.3
10/11/2021,Night,73,2.9,2.6,-0.3
11/11/2021,Day,73,2.9,3.7,0.8
11/11/2021,Evening,73,2.9,3.4,0.5
11/11/2021,Night,74,2.9,1.9,-1.0
12/11/2021,Day,73,2.9,3.4,0.5
12/11/2021,Evening,73,2.9,3.6,0.7
12/11/2021,Night,75,3.0,2.7,-0.3
13/11/2021,Day,75,3.0,3.7,0.7
13/11/2021,Evening,75,3.0,3.0,0.0
13/11/2021,Night,75,3.0,2.8,-0.2
14/11/2021,Day,74,2.9,2.8,-0.1
14/11/2021,Evening,73,2.9,3.3,0.4
14/11/2021,Night,74,2.9,3.0,0.1
15/11/2021,Day,73,2.9,2.9,0.0
15/11/2021,Evening,74,2.9,3.5,0.6
15/11/2021,Night,73,2.9,2.7,-0.2
16/11/2021,Day,73,2.9,2.5,-0.4
16/11/2021,Evening,73,2.9,2.7,-0.2
16/11/2021,Night,74,2.9,2.8,-0.1
17/11/2021,Day,75,3.0,3.9,0.9
17/11/2021,Evening,75,3.0,2.6,-0.4
17/11/2021,Night,74,2.9,3.9,1.0
18/11/2021,Day,73,2.9,2.8,-0.1
18/11/2021,Evening,73,2.9,2.6,-0.3
18/11/2021,Night,74,2.9,3.0,0.1
19/11/2021,Day,75,3.0,3.7,0.7
19/11/2021,Evening,75,3.0,4.1,1.1
19/11/2021,Night,73,2.9,3.4,0.5
20/11/2021,Day,78,3.0,3.5,0.5
20/11/2021,Evening,81,3.1,3.3,0.2
20/11/2021,Night,84,3.2,4.2,1.0
21/11/2021,Day,88,3.2,3.4,0.2
21/11/2021,Evening,87,3.2,3.1,-0.1
21/11/2021,Night,88,3.2,3.2,0.0
22/11/2021,Day,88,3.2,3.5,0.3
22/11/2021,Evening,87,3.2,3.9,0.7
22/11/2021,Night,89,3.3,3.3,0.0
23/11/2021,Day,88,3.2,4.2,1.0
23/11/2021,Evening,87,3.2,3.7,0.5
23/11/2021,Night,89,3.3,1.9,-1.4
24/11/2021,Day,88,3.2,3.2,0.0
24/11/2021,Evening,87,3.2,4.0,0.8
24/11/2021,Night,89,3.3,3.9,0.6
25/11/2021,Day,89,3.3,4.5,1.2
25/11/2021,Evening,87,3.2,4.0,0.8
25/11/2021,Night,89,3.3,3.2,-0.1
26/11/2021,Day,88,3.2,3.6,0.4
26/11/2021,Evening,87,3.2,3.4,0.2
26/11/2021,Night,89,3.3,3.0,-0.3
27/11/2021,Day,89,3.3,3.9,0.6
27/11/2021,Evening,89,3.3,3.9,0.6
27/11/2021,Night,89,3.3,3.6,0.3
28/11/2021,Day,89,3.3,3.6,0.3
28/11/2021,Evening,87,3.2,2.7,-0.5
28/11/2021,Night,88,3.2,4.3,1.1
29/11/2021,Day,88,3.2,3.8,0.6
29/11/2021,Evening,87,3.2,3.0,-0.2
29/11/2021,Night,89,3.3,4.3,1.0
30/11/2021,Day,88,3.2,2.6,-0.6
30/11/2021,Evening,88,3.2,3.2,0.0
30/11/2021,Night,88,3.2,3.3,0.1
01/12/2021,Day,89,3.3,4.1,0.8
01/12/2021,Evening,60,2.6,2.6,0.0
01/12/2021,Night,32,2.0,1.7,-0.3
02/12/2021,Day,33,2.1,2.0,-0.1
02/12/2021,Evening,33,2.1,2.3,0.2
02/12/2021,Night,33,2.1,1.3,-0.8
03/12/2021,Day,31,2.0,1.6,-0.4
03/12/2021,Evening,33,2.1,2.6,0.5
03/12/2021,Night,33,2.1,1.2,-0.9
04/12/2021,Day,32,2.0,2.0,0.0
04/12/2021,Evening,31,2.0,1.9,-0.1
04/12/2021,Night,31,2.0,2.3,0.3
05/12/2021,Day,32,2.0,2.6,0.6
05/12/2021,Evening,33,2.1,2.5,0.4
05/12/2021,Night,32,2.0,2.0,0.0
06/12/2021,Day,33,2.1,2.5,0.4
06/12/2021,Evening,31,2.0,2.8,0.8
06/12/2021,Night,33,2.1,2.4,0.3
07/12/2021,Day,32,2.0,2.2,0.2
07/12/2021,Evening,33,2.1,2.0,-0.1
07/12/2021,Night,32,2.0,2.1,0.1
08/12/2021,Day,33,2.1,2.9,0.8
08/12/2021,Evening,31,2.0,2.0,0.0
08/12/2021,Night,31,2.0,1.7,-0.3
09/12/2021,Day,31,2.0,2.2,0.2
09/12/2021,Evening,33,2.1,1.9,-0.2
09/12/2021,Night,32,2.0,2.3,0.3
10/12/2021,Day,31,2.0,1.3,-0.7
10/12/2021,Evening,32,2.0,1.5,-0.5
10/12/2021,Night,31,2.0,1.7,-0.3
11/12/2021,Day,31,2.0,1.9,-0.1
11/12/2021,Evening,31,2.0,2.1,0.1
11/12/2021,Night,31,2.0,2.6,0.6
12/12/2021,Day,32,2.0,1.9,-0.1
12/12/2021,Evening,32,2.0,2.2,0.2
12/12/2021,Night,33,2.1,3.1,1.0
13/12/2021,Day,32,2.0,1.6,-0.4
13/12/2021,Evening,33,2.1,1.6,-0.5
13/12/2021,Night,32,2.0,2.3,0.3
14/12/2021,Day,32,2.0,2.4,0.4
14/12/2021,Evening,31,2.0,1.8,-0.2
14/12/2021,Night,33,2.1,1.9,-0.2
15/12/2021,Day,31,2.0,2.4,0.4
15/12/2021,Evening,32,2.0,1.6,-0.4
15/12/2021,Night,32,2.0,2.1,0.1
16/12/2021,Day,31,2.0,1.8,-0.2
16/12/2021,Evening,33,2.1,1.9,-0.2
16/12/2021,Night,32,2.0,1.7,-0.3
17/12/2021,Day,32,2.0,2.2,0.2
17/12/2021,Evening,31,2.0,2.5,0.5
17/12/2021,Night,32,2.0,2.5,0.5
18/12/2021,Day,32,2.0,2.3,0.3
18/12/2021,Evening,32,2.0,2.6,0.6
18/12/2021,Night,33,2.1,2.7,0.6
19/12/2021,Day,32,2.0,1.5,-0.5
19/12/2021,Evening,32,2.0,2.4,0.4
19/12/2021,Night,32,2.0,1.8,-0.2
20/12/2021,Day,31,2.0,2.2,0.2
20/12/2021,Evening,32,2.0,3.0,1.0
20/12/2021,Night,33,2.1,3.4,1.3
21/12/2021,Day,49,2.4,3.9,1.5
21/12/2021,Evening,66,2.8,3.2,0.4
21/12/2021,Night,82,3.1,3.3,0.2
22/12/2021,Day,99,3.5,4.0,0.5
22/12/2021,Evening,99,3.5,3.7,0.2
22/12/2021,Night,98,3.5,3.7,0.2
23/12/2021,Day,100,3.5,3.8,0.3
23/12/2021,Evening,99,3.5,3.8,0.3
23/12/2021,Night,98,3.5,3.8,0.3
24/12/2021,Day,99,3.5,4.2,0.7
24/12/2021,Evening,100,3.5,3.8,0.3
24/12/2021,Night,98,3.5,3.1,-0.4
25/12/2021,Day,100,3.5,3.2,-0.3
25/12/2021,Evening,99,3.5,4.3,0.8
25/12/2021,Night,99,3.5,3.9,0.4
26/12/2021,Day,98,3.5,3.8,0.3
26/12/2021,Evening,98,3.5,3.7,0.2
26/12/2021,Night,99,3.5,3.4,-0.1
27/12/2021,Day,100,3.5,3.7,0.2
27/12/2021,Evening,99,3.5,4.2,0.7
27/12/2021,Night,99,3.5,3.4,-0.1
28/12/2021,Day,99,3.5,3.6,0.1
28/12/2021,Evening,100,3.5,4.0,0.5
28/12/2021,Night,100,3.5,3.5,0.0
29/12/2021,Day,99,3.5,3.7,0.2
29/12/2021,Evening,98,3.5,3.8,0.3
29/12/2021,Night,100,3.5,4.5,1.0
30/12/2021,Day,99,3.5,3.6,0.1
30/12/2021,Evening,99,3.5,2.7,-0.8
30/12/2021,Night,99,3.5,4.6,1.1
31/12/2021,Day,98,3.5,4.0,0.5
31/12/2021,Evening,100,3.5,5.6,2.1
31/12/2021,Night,99,3.5,4.2,0.7
01/01/2022,Day,100,3.5,4.7,1.2
01/01/2022,Evening,99,3.5,4.6,1.1
01/01/2022,Night,99,3.5,4.4,0.9
02/01/2022,Day,100,3.5,4.1,0.6
02/01/2022,Evening,98,3.5,4.4,0.9
02/01/2022,Night,98,3.5,5.1,1.6
03/01/2022,Day,100,3.5,3.7,0.2
03/01/2022,Evening,100,3.5,4.4,0.9
03/01/2022,Night,99,3.5,4.6,1.1
04/01/2022,Day,99,3.5,3.9,0.4
04/01/2022,Evening,100,3.5,3.3,-0.2
04/01/2022,Night,100,3.5,4.4,0.9
05/01/2022,Day,100,3.5,4.4,0.9
05/01/2022,Evening,98,3.5,3.8,0.3
05/01/2022,Night,98,3.5,4.4,0.9
06/01/2022,Day,98,3.5,4.7,1.2
06/01/2022,Evening,100,3.5,4.2,0.7
06/01/2022,Night,100,3.5,4.3,0.8
07/01/2022,Day,99,3.5,3.9,0.4
07/01/2022,Evening,98,3.5,3.9,0.4
07/01/2022,Night,98,3.5,4.0,0.5
08/01/2022,Day,98,3.5,4.2,0.7
08/01/2022,Evening,98,3.5,3.3,-0.2
08/01/2022,Night,100,3.5,3.7,0.2
09/01/2022,Day,99,3.5,4.2,0.7
09/01/2022,Evening,99,3.5,4.6,1.1
09/01/2022,Night,99,3.5,3.8,0.3
10/01/2022,Day,100,3.5,3.7,0.2
10/01/2022,Evening,77,3.0,2.8,-0.2
10/01/2022,Night,56,2.6,3.6,1.0
11/01/2022,Day,34,2.1,3.3,1.2
11/01/2022,Evening,34,2.1,2.6,0.5
11/01/2022,Night,34,2.1,3.2,1.1
12/01/2022,Day,34,2.1,2.4,0.3
12/01/2022,Evening,33,2.1,2.2,0.1
12/01/2022,Night,35,2.1,3.4,1.3
13/01/2022,Day,33,2.1,2.4,0.3
13/01/2022,Evening,35,2.1,3.0,0.9
13/01/2022,Night,34,2.1,2.7,0.6
14/01/2022,Day,34,2.1,2.9,0.8
14/01/2022,Evening,34,2.1,3.1,1.0
14/01/2022,Night,35,2.1,3.0,0.9
15/01/2022,Day,34,2.1,2.9,0.8
15/01/2022,Evening,33,2.1,2.3,0.2
15/01/2022,Night,33,2.1,3.2,1.1
16/01/2022,Day,33,2.1,2.3,0.2
16/01/2022,Evening,35,2.1,2.2,0.1
16/01/2022,Night,33,2.1,3.2,1.1
17/01/2022,Day,34,2.1,2.1,0.0
17/01/2022,Evening,35,2.1,3.1,1.0
17/01/2022,Night,34,2.1,2.6,0.5
18/01/2022,Day,35,2.1,2.5,0.4
18/01/2022,Evening,33,2.1,2.2,0.1
18/01/2022,Night,34,2.1,3.3,1.2
19/01/2022,Day,34,2.1,2.8,0.7
19/01/2022,Evening,35,2.1,2.0,-0.1
19/01/2022,Night,34,2.1,2.3,0.2
20/01/2022,Day,33,2.1,1.9,-0.2
20/01/2022,Evening,35,2.1,2.6,0.5
20/01/2022,Night,34,2.1,2.1,0.0
21/01/2022,Day,35,2.1,2.5,0.4
21/01/2022,Evening,34,2.1,1.6,-0.5
21/01/2022,Night,33,2.1,2.8,0.7
22/01/2022,Day,33,2.1,1.8,-0.3
22/01/2022,Evening,33,2.1,2.0,-0.1
22/01/2022,Night,33,2.1,2.9,0.8
23/01/2022,Day,34,2.1,3.1,1.0
23/01/2022,Evening,33,2.1,1.7,-0.4
23/01/2022,Night,35,2.1,2.9,0.8
24/01/2022,Day,34,2.1,2.0,-0.1
24/01/2022,Evening,33,2.1,2.4,0.3
24/01/2022,Night,35,2.1,2.7,0.6
25/01/2022,Day,34,2.1,2.0,-0.1
25/01/2022,Evening,35,2.1,2.5,0.4
25/01/2022,Night,34,2.1,1.5,-0.6
26/01/2022,Day,35,2.1,2.2,0.1
26/01/2022,Evening,33,2.1,2.3,0.2
26/01/2022,Night,35,2.1,2.3,0.2
27/01/2022,Day,35,2.1,2.3,0.2
27/01/2022,Evening,34,2.1,3.8,1.7
27/01/2022,Night,34,2.1,3.1,1.0
28/01/2022,Day,33,2.1,2.7,0.6
28/01/2022,Evening,35,2.1,2.3,0.2
28/01/2022,Night,35,2.1,2.2,0.1
29/01/2022,Day,35,2.1,1.8,-0.3
29/01/2022,Evening,35,2.1,2.8,0.7
29/01/2022,Night,33,2.1,2.9,0.8
30/01/2022,Day,34,2.1,2.2,0.1
30/01/2022,Evening,35,2.1,2.8,0.7
30/01/2022,Night,33,2.1,3.2,1.1
31/01/2022,Day,33,2.1,3.0,0.9
31/01/2022,Evening,33,2.1,3.7,1.6
31/01/2022,Night,33,2.1,2.9,0.8
01/02/2022,Day,33,2.1,2.6,0.5
01/02/2022,Evening,34,2.1,2.7,0.6
01/02/2022,Night,33,2.1,2.8,0.7
02/02/2022,Day,34,2.1,2.8,0.7
02/02/2022,Evening,35,2.1,3.3,1.2
02/02/2022,Night,35,2.1,2.7,0.6
03/02/2022,Day,34,2.1,2.1,0.0
03/02/2022,Evening,34,2.1,3.0,0.9
03/02/2022,Night,35,2.1,2.1,0.0
04/02/2022,Day,33,2.1,2.1,0.0
04/02/2022,Evening,47,2.4,3.2,0.8
04/02/2022,Night,59,2.6,3.2,0.6
05/02/2022,Day,72,2.9,3.4,0.5
05/02/2022,Evening,72,2.9,3.3,0.4
05/02/2022,Night,73,2.9,4.0,1.1
06/02/2022,Day,73,2.9,3.0,0.1
06/02/2022,Evening,72,2.9,4.2,1.3
06/02/2022,Night,73,2.9,3.0,0.1
07/02/2022,Day,72,2.9,2.7,-0.2
07/02/2022,Evening,72,2.9,3.5,0.6
07/02/2022,Night,73,2.9,2.9,0.0
08/02/2022,Day,71,2.9,4.0,1.1
08/02/2022,Evening,71,2.9,4.1,1.2
08/02/2022,Night,72,2.9,2.8,-0.1
09/02/2022,Day,73,2.9,3.4,0.5
09/02/2022,Evening,71,2.9,3.2,0.3
09/02/2022,Night,72,2.9,2.9,0.0
10/02/2022,Day,72,2.9,3.0,0.1
10/02/2022,Evening,73,2.9,3.3,0.4
10/02/2022,Night,73,2.9,2.4,-0.5
11/02/2022,Day,72,2.9,3.7,0.8
11/02/2022,Evening,71,2.9,3.5,0.6
11/02/2022,Night,73,2.9,3.2,0.3
12/02/2022,Day,73,2.9,3.4,0.5
12/02/2022,Evening,73,2.9,3.4,0.5
12/02/2022,Night,71,2.9,3.9,1.0
13/02/2022,Day,71,2.9,3.6,0.7
13/02/2022,Evening,86,3.2,4.4,1.2
13/02/2022,Night,99,3.5,2.9,-0.6
14/02/2022,Day,98,3.5,3.5,0.0
14/02/2022,Evening,100,3.5,3.4,-0.1
14/02/2022,Night,98,3.5,3.8,0.3
15/02/2022,Day,99,3.5,4.0,0.5
15/02/2022,Evening,98,3.5,3.1,-0.4
15/02/2022,Night,98,3.5,3.3,-0.2
16/02/2022,Day,99,3.5,3.6,0.1
16/02/2022,Evening,100,3.5,3.8,0.3
16/02/2022,Night,98,3.5,3.5,0.0
17/02/2022,Day,99,3.5,4.7,1.2
17/02/2022,Evening,100,3.5,4.5,1.0
17/02/2022,Night,99,3.5,3.4,-0.1
18/02/2022,Day,98,3.5,3.8,0.3
18/02/2022,Evening,99,3.5,3.6,0.1
18/02/2022,Night,98,3.5,3.5,0.0
19/02/2022,Day,100,3.5,3.0,-0.5
19/02/2022,Evening,100,3.5,3.3,-0.2
19/02/2022,Night,99,3.5,4.5,1.0
20/02/2022,Day,98,3.5,3.6,0.1
20/02/2022,Evening,100,3.5,4.9,1.4
20/02/2022,Night,99,3.5,4.0,0.5
21/02/2022,Day,100,3.5,3.4,-0.1
21/02/2022,Evening,100,3.5,4.4,0.9
21/02/2022,Night,98,3.5,4.2,0.7
22/02/2022,Day,100,3.5,3.6,0.1
22/02/2022,Evening,100,3.5,4.0,0.5
22/02/2022,Night,98,3.5,4.6,1.1
23/02/2022,Day,100,3.5,3.5,0.0
23/02/2022,Evening,100,3.5,4.4,0.9
23/02/2022,Night,98,3.5,4.0,0.5
24/02/2022,Day,98,3.5,3.5,0.0
24/02/2022,Evening,100,3.5,2.8,-0.7
24/02/2022,Night,100,3.5,4.4,0.9
25/02/2022,Day,100,3.5,4.1,0.6
25/02/2022,Evening,100,3.5,4.0,0.5
25/02/2022,Night,99,3.5,4.0,0.5
26/02/2022,Day,100,3.5,4.1,0.6
26/02/2022,Evening,98,3.5,4.7,1.2
26/02/2022,Night,98,3.5,4.8,1.3
27/02/2022,Day,98,3.5,5.4,1.9
27/02/2022,Evening,98,3.5,4.0,0.5
27/02/2022,Night,100,3.5,4.1,0.6
28/02/2022,Day,100,3.5,4.4,0.9
28/02/2022,Evening,99,3.5,4.1,0.6
28/02/2022,Night,100,3.5,2.8,-0.7
01/03/2022,Day,98,3.5,4.5,1.0
01/03/2022,Evening,100,3.5,3.0,-0.5
01/03/2022,Night,99,3.5,3.3,-0.2
02/03/2022,Day,100,3.5,3.9,0.4
02/03/2022,Evening,100,3.5,3.8,0.3
02/03/2022,Night,98,3.5,3.9,0.4
03/03/2022,Day,99,3.5,3.7,0.2
03/03/2022,Evening,100,3.5,4.1,0.6
03/03/2022,Night,100,3.5,3.9,0.4
04/03/2022,Day,99,3.5,5.0,1.5
04/03/2022,Evening,100,3.5,4.0,0.5
04/03/2022,Night,99,3.5,4.4,0.9
05/03/2022,Day,99,3.5,3.8,0.3
05/03/2022,Evening,98,3.5,4.6,1.1
05/03/2022,Night,100,3.5,3.7,0.2
06/03/2022,Day,95,3.4,3.7,0.3
06/03/2022,Evening,92,3.3,4.2,0.9
06/03/2022,Night,88,3.2,3.9,0.7
07/03/2022,Day,84,3.2,3.1,-0.1
07/03/2022,Evening,83,3.1,3.7,0.6
07/03/2022,Night,83,3.1,4.2,1.1
08/03/2022,Day,84,3.2,3.2,0.0
08/03/2022,Evening,84,3.2,3.8,0.6
08/03/2022,Night,84,3.2,3.5,0.3
09/03/2022,Day,84,3.2,3.6,0.4
09/03/2022,Evening,83,3.1,3.5,0.4
09/03/2022,Night,84,3.2,3.9,0.7
10/03/2022,Day,85,3.2,3.2,0.0
10/03/2022,Evening,83,3.1,3.8,0.7
10/03/2022,Night,84,3.2,2.6,-0.6
11/03/2022,Day,85,3.2,3.2,0.0
11/03/2022,Evening,84,3.2,4.6,1.4
11/03/2022,Night,85,3.2,2.6,-0.6
12/03/2022,Day,84,3.2,4.2,1.0
12/03/2022,Evening,84,3.2,4.3,1.1
12/03/2022,Night,83,3.1,4.2,1.1
13/03/2022,Day,84,3.2,3.7,0.5
13/03/2022,Evening,85,3.2,2.7,-0.5
13/03/2022,Night,85,3.2,4.3,1.1
14/03/2022,Day,83,3.1,3.3,0.2
14/03/2022,Evening,84,3.2,3.6,0.4
14/03/2022,Night,83,3.1,3.5,0.4
15/03/2022,Day,84,3.2,3.3,0.1
15/03/2022,Evening,64,2.7,3.1,0.4
15/03/2022,Night,44,2.3,2.4,0.1
16/03/2022,Day,43,2.3,2.6,0.3
16/03/2022,Evening,43,2.3,2.7,0.4
16/03/2022,Night,44,2.3,2.5,0.2
17/03/2022,Day,44,2.3,2.0,-0.3
17/03/2022,Evening,45,2.3,1.3,-1.0
17/03/2022,Night,44,2.3,3.6,1.3
18/03/2022,Day,43,2.3,2.6,0.3
18/03/2022,Evening,43,2.3,2.6,0.3
18/03/2022,Night,44,2.3,2.7,0.4
19/03/2022,Day,45,2.3,2.0,-0.3
19/03/2022,Evening,45,2.3,3.2,0.9
19/03/2022,Night,44,2.3,3.1,0.8
20/03/2022,Day,43,2.3,3.2,0.9
20/03/2022,Evening,43,2.3,2.0,-0.3
20/03/2022,Night,44,2.3,2.9,0.6
21/03/2022,Day,45,2.3,2.4,0.1
21/03/2022,Evening,44,2.3,2.7,0.4
21/03/2022,Night,44,2.3,2.4,0.1
22/03/2022,Day,44,2.3,3.1,0.8
22/03/2022,Evening,44,2.3,2.5,0.2
22/03/2022,Night,43,2.3,2.0,-0.3
23/03/2022,Day,43,2.3,2.5,0.2
23/03/2022,Evening,44,2.3,2.8,0.5
23/03/2022,Night,45,2.3,2.3,0.0
24/03/2022,Day,44,2.3,3.2,0.9
24/03/2022,Evening,43,2.3,1.2,-1.1
24/03/2022,Night,43,2.3,2.2,-0.1
25/03/2022,Day,45,2.3,2.4,0.1
25/03/2022,Evening,44,2.3,2.7,0.4
25/03/2022,Night,43,2.3,2.7,0.4
26/03/2022,Day,43,2.3,3.3,1.0
26/03/2022,Evening,44,2.3,2.5,0.2
26/03/2022,Night,44,2.3,2.2,-0.1
27/03/2022,Day,45,2.3,3.2,0.9
27/03/2022,Evening,45,2.3,3.1,0.8
27/03/2022,Night,45,2.3,2.6,0.3
28/03/2022,Day,44,2.3,3.0,0.7
28/03/2022,Evening,44,2.3,2.4,0.1
28/03/2022,Night,45,2.3,3.4,1.1
29/03/2022,Day,43,2.3,2.8,0.5
29/03/2022,Evening,43,2.3,2.5,0.2
29/03/2022,Night,44,2.3,2.3,0.0
30/03/2022,Day,43,2.3,3.5,1.2
30/03/2022,Evening,44,2.3,3.0,0.7
30/03/2022,Night,45,2.3,2.1,-0.2
31/03/2022,Day,44,2.3,1.7,-0.6
31/03/2022,Evening,44,2.3,3.2,0.9
31/03/2022,Night,44,2.3,2.9,0.6
01/04/2022,Day,43,2.3,3.6,1.3
01/04/2022,Evening,44,2.3,3.2,0.9
01/04/2022,Night,43,2.3,3.5,1.2
02/04/2022,Day,52,2.5,3.7,1.2
02/04/2022,Evening,60,2.6,3.5,0.9
02/04/2022,Night,68,2.8,3.3,0.5
03/04/2022,Day,76,3.0,4.2,1.2
03/04/2022,Evening,76,3.0,4.1,1.1
03/04/2022,Night,75,3.0,4.3,1.3
04/04/2022,Day,76,3.0,3.4,0.4
04/04/2022,Evening,77,3.0,3.9,0.9
04/04/2022,Night,76,3.0,3.6,0.6
05/04/2022,Day,77,3.0,3.1,0.1
05/04/2022,Evening,76,3.0,3.1,0.1
05/04/2022,Night,77,3.0,3.6,0.6
06/04/2022,Day,77,3.0,3.5,0.5
06/04/2022,Evening,77,3.0,3.2,0.2
06/04/2022,Night,75,3.0,2.7,-0.3
07/04/2022,Day,75,3.0,3.3,0.3
07/04/2022,Evening,75,3.0,2.8,-0.2
07/04/2022,Night,76,3.0,3.3,0.3
08/04/2022,Day,76,3.0,4.3,1.3
08/04/2022,Evening,76,3.0,3.5,0.5
08/04/2022,Night,77,3.0,3.3,0.3
09/04/2022,Day,76,3.0,3.1,0.1
09/04/2022,Evening,75,3.0,4.0,1.0
09/04/2022,Night,75,3.0,3.2,0.2
10/04/2022,Day,77,3.0,3.5,0.5
10/04/2022,Evening,77,3.0,3.7,0.7
10/04/2022,Night,76,3.0,3.7,0.7
11/04/2022,Day,77,3.0,4.2,1.2
11/04/2022,Evening,75,3.0,3.4,0.4
11/04/2022,Night,75,3.0,4.1,1.1
12/04/2022,Day,75,3.0,3.7,0.7
12/04/2022,Evening,75,3.0,3.4,0.4
12/04/2022,Night,77,3.0,3.1,0.1
13/04/2022,Day,76,3.0,2.9,-0.1
13/04/2022,Evening,76,3.0,3.9,0.9
13/04/2022,Night,77,3.0,3.3,0.3
14/04/2022,Day,76,3.0,3.8,0.8
14/04/2022,Evening,75,3.0,3.8,0.8
14/04/2022,Night,77,3.0,3.9,0.9
15/04/2022,Day,77,3.0,3.2,0.2
15/04/2022,Evening,64,2.7,3.8,1.1
15/04/2022,Night,52,2.5,2.9,0.4
16/04/2022,Day,40,2.2,2.4,0.2
16/04/2022,Evening,41,2.2,1.7,-0.5
16/04/2022,Night,41,2.2,2.0,-0.2
17/04/2022,Day,40,2.2,2.8,0.6
17/04/2022,Evening,41,2.2,3.0,0.8
17/04/2022,Night,40,2.2,2.9,0.7
18/04/2022,Day,41,2.2,3.3,1.1
18/04/2022,Evening,41,2.2,2.6,0.4
18/04/2022,Night,41,2.2,2.7,0.5
19/04/2022,Day,40,2.2,2.6,0.4
19/04/2022,Evening,41,2.2,3.1,0.9
19/04/2022,Night,41,2.2,2.5,0.3
20/04/2022,Day,40,2.2,1.9,-0.3
20/04/2022,Evening,40,2.2,2.8,0.6
20/04/2022,Night,39,2.2,3.5,1.3
21/04/2022,Day,40,2.2,2.8,0.6
21/04/2022,Evening,40,2.2,2.4,0.2
21/04/2022,Night,41,2.2,3.0,0.8
22/04/2022,Day,39,2.2,4.1,1.9
22/04/2022,Evening,40,2.2,2.7,0.5
22/04/2022,Night,41,2.2,2.7,0.5
23/04/2022,Day,40,2.2,2.9,0.7
23/04/2022,Evening,41,2.2,2.7,0.5
23/04/2022,Night,41,2.2,3.2,1.0
24/04/2022,Day,41,2.2,4.2,2.0
24/04/2022,Evening,39,2.2,2.7,0.5
24/04/2022,Night,41,2.2,3.8,1.6
25/04/2022,Day,40,2.2,2.3,0.1
25/04/2022,Evening,40,2.2,2.8,0.6
25/04/2022,Night,41,2.2,3.2,1.0
26/04/2022,Day,41,2.2,2.5,0.3
26/04/2022,Evening,41,2.2,2.9,0.7
26/04/2022,Night,39,2.2,2.6,0.4
27/04/2022,Day,41,2.2,2.1,-0.1
27/04/2022,Evening,39,2.2,2.3,0.1
27/04/2022,Night,41,2.2,1.8,-0.4
28/04/2022,Day,40,2.2,2.5,0.3
28/04/2022,Evening,39,2.2,2.2,0.0
28/04/2022,Night,41,2.2,2.2,0.0
29/04/2022,Day,41,2.2,2.5,0.3
29/04/2022,Evening,41,2.2,2.4,0.2
29/04/2022,Night,41,2.2,3.3,1.1
30/04/2022,Day,40,2.2,2.5,0.3
30/04/2022,Evening,39,2.2,2.8,0.6
30/04/2022,Night,41,2.2,2.3,0.1
01/05/2022,Day,39,2.2,2.2,0.0
01/05/2022,Evening,39,2.2,2.6,0.4
01/05/2022,Night,41,2.2,2.4,0.2
02/05/2022,Day,41,2.2,3.2,1.0
02/05/2022,Evening,37,2.1,3.2,1.1
02/05/2022,Night,33,2.1,3.5,1.4
03/05/2022,Day,30,2.0,1.9,-0.1
03/05/2022,Evening,30,2.0,1.5,-0.5
03/05/2022,Night,29,2.0,3.0,1.0
04/05/2022,Day,30,2.0,2.6,0.6
04/05/2022,Evening,31,2.0,1.8,-0.2
04/05/2022,Night,29,2.0,2.2,0.2
05/05/2022,Day,30,2.0,2.4,0.4
05/05/2022,Evening,31,2.0,3.1,1.1
05/05/2022,Night,31,2.0,2.8,0.8
06/05/2022,Day,30,2.0,2.4,0.4
06/05/2022,Evening,31,2.0,2.2,0.2
06/05/2022,Night,31,2.0,2.7,0.7
07/05/2022,Day,29,2.0,2.3,0.3
07/05/2022,Evening,31,2.0,2.9,0.9
07/05/2022,Night,29,2.0,2.6,0.6
08/05/2022,Day,31,2.0,3.8,1.8
08/05/2022,Evening,29,2.0,2.3,0.3
08/05/2022,Night,31,2.0,2.2,0.2
09/05/2022,Day,30,2.0,3.3,1.3
09/05/2022,Evening,31,2.0,2.8,0.8
09/05/2022,Night,30,2.0,1.9,-0.1
10/05/2022,Day,31,2.0,2.5,0.5
10/05/2022,Evening,30,2.0,2.2,0.2
10/05/2022,Night,30,2.0,2.6,0.6
11/05/2022,Day,29,2.0,2.8,0.8
11/05/2022,Evening,30,2.0,3.9,1.9
11/05/2022,Night,31,2.0,2.7,0.7
12/05/2022,Day,30,2.0,2.0,0.0
12/05/2022,Evening,31,2.0,2.1,0.1
12/05/2022,Night,30,2.0,2.0,0.0
13/05/2022,Day,31,2.0,2.1,0.1
13/05/2022,Evening,31,2.0,2.5,0.5
13/05/2022,Night,31,2.0,2.6,0.6
14/05/2022,Day,31,2.0,3.3,1.3
14/05/2022,Evening,31,2.0,2.9,0.9
14/05/2022,Night,30,2.0,3.2,1.2
15/05/2022,Day,31,2.0,3.2,1.2
15/05/2022,Evening,30,2.0,1.8,-0.2
15/05/2022,Night,29,2.0,2.7,0.7
16/05/2022,Day,29,2.0,2.7,0.7
16/05/2022,Evening,30,2.0,3.0,1.0
16/05/2022,Night,31,2.0,2.2,0.2
17/05/2022,Day,30,2.0,2.6,0.6
17/05/2022,Evening,29,2.0,2.6,0.6
17/05/2022,Night,30,2.0,3.0,1.0
18/05/2022,Day,30,2.0,3.6,1.6
18/05/2022,Evening,31,2.0,2.3,0.3
18/05/2022,Night,29,2.0,2.8,0.8
19/05/2022,Day,31,2.0,2.4,0.4
19/05/2022,Evening,31,2.0,2.4,0.4
19/05/2022,Night,30,2.0,2.2,0.2
20/05/2022,Day,30,2.0,2.6,0.6
20/05/2022,Evening,30,2.0,2.8,0.8
20/05/2022,Night,30,2.0,3.0,1.0
21/05/2022,Day,31,2.0,2.4,0.4
21/05/2022,Evening,31,2.0,1.9,-0.1
21/05/2022,Night,30,2.0,2.0,0.0
22/05/2022,Day,30,2.0,3.2,1.2
22/05/2022,Evening,29,2.0,1.7,-0.3
22/05/2022,Night,31,2.0,1.7,-0.3
23/05/2022,Day,31,2.0,2.9,0.9
23/05/2022,Evening,31,2.0,1.8,-0.2
23/05/2022,Night,30,2.0,1.9,-0.1
24/05/2022,Day,30,2.0,2.4,0.4
24/05/2022,Evening,65,2.8,2.8,0.0
24/05/2022,Night,100,3.5,4.6,1.1
25/05/2022,Day,100,3.5,3.8,0.3
25/05/2022,Evening,99,3.5,3.3,-0.2
25/05/2022,Night,100,3.5,3.9,0.4
26/05/2022,Day,101,3.5,4.0,0.5
26/05/2022,Evening,99,3.5,3.9,0.4
26/05/2022,Night,100,3.5,4.4,0.9
27/05/2022,Day,100,3.5,4.4,0.9
27/05/2022,Evening,101,3.5,4.8,1.3
27/05/2022,Night,100,3.5,3.3,-0.2
28/05/2022,Day,101,3.5,4.0,0.5
28/05/2022,Evening,100,3.5,4.6,1.1
28/05/2022,Night,99,3.5,4.2,0.7
29/05/2022,Day,99,3.5,4.0,0.5
29/05/2022,Evening,101,3.5,3.4,-0.1
29/05/2022,Night,100,3.5,4.6,1.1
30/05/2022,Day,101,3.5,4.3,0.8
30/05/2022,Evening,101,3.5,3.9,0.4
30/05/2022,Night,100,3.5,3.0,-0.5
31/05/2022,Day,99,3.5,4.4,0.9
31/05/2022,Evening,99,3.5,4.1,0.6
31/05/2022,Night,101,3.5,3.6,0.1
01/06/2022,Day,101,3.5,4.2,0.7
01/06/2022,Evening,101,3.5,4.4,0.9
01/06/2022,Night,99,3.5,4.7,1.2
02/06/2022,Day,99,3.5,3.6,0.1
02/06/2022,Evening,99,3.5,4.5,1.0
02/06/2022,Night,101,3.5,3.7,0.2
03/06/2022,Day,101,3.5,3.9,0.4
03/06/2022,Evening,99,3.5,3.8,0.3
03/06/2022,Night,101,3.5,3.7,0.2
04/06/2022,Day,99,3.5,4.0,0.5
04/06/2022,Evening,99,3.5,3.1,-0.4
04/06/2022,Night,99,3.5,3.5,0.0
05/06/2022,Day,100,3.5,3.5,0.0
05/06/2022,Evening,100,3.5,3.9,0.4
05/06/2022,Night,101,3.5,4.0,0.5
06/06/2022,Day,100,3.5,4.1,0.6
06/06/2022,Evening,99,3.5,3.0,-0.5
06/06/2022,Night,101,3.5,4.3,0.8
07/06/2022,Day,99,3.5,4.8,1.3
07/06/2022,Evening,99,3.5,3.4,-0.1
07/06/2022,Night,101,3.5,4.4,0.9
08/06/2022,Day,99,3.5,4.3,0.8
08/06/2022,Evening,100,3.5,3.5,0.0
08/06/2022,Night,101,3.5,3.4,-0.1
09/06/2022,Day,100,3.5,4.4,0.9
09/06/2022,Evening,100,3.5,4.7,1.2
09/06/2022,Night,101,3.5,4.7,1.2
10/06/2022,Day,99,3.5,4.4,0.9
10/06/2022,Evening,100,3.5,3.9,0.4
10/06/2022,Night,100,3.5,3.9,0.4
11/06/2022,Day,100,3.5,3.8,0.3
11/06/2022,Evening,101,3.5,3.2,-0.3
11/06/2022,Night,99,3.5,4.7,1.2
12/06/2022,Day,99,3.5,3.9,0.4
12/06/2022,Evening,101,3.5,4.4,0.9
12/06/2022,Night,101,3.5,4.6,1.1
13/06/2022,Day,84,3.2,4.0,0.8
13/06/2022,Evening,68,2.8,3.4,0.6
13/06/2022,Night,68,2.8,2.8,0.0
14/06/2022,Day,67,2.8,4.2,1.4
14/06/2022,Evening,67,2.8,3.5,0.7
14/06/2022,Night,68,2.8,3.1,0.3
15/06/2022,Day,68,2.8,3.8,1.0
15/06/2022,Evening,67,2.8,4.0,1.2
15/06/2022,Night,69,2.8,3.7,0.9
16/06/2022,Day,68,2.8,3.5,0.7
16/06/2022,Evening,67,2.8,3.2,0.4
16/06/2022,Night,67,2.8,2.1,-0.7
17/06/2022,Day,68,2.8,3.2,0.4
17/06/2022,Evening,69,2.8,3.6,0.8
17/06/2022,Night,69,2.8,4.3,1.5
18/06/2022,Day,67,2.8,2.6,-0.2
18/06/2022,Evening,68,2.8,4.2,1.4
18/06/2022,Night,68,2.8,3.3,0.5
19/06/2022,Day,68,2.8,3.9,1.1
19/06/2022,Evening,69,2.8,3.4,0.6
19/06/2022,Night,69,2.8,2.4,-0.4
20/06/2022,Day,69,2.8,3.3,0.5
20/06/2022,Evening,68,2.8,2.9,0.1
20/06/2022,Night,70,2.9,3.1,0.2
21/06/2022,Day,71,2.9,3.6,0.7
21/06/2022,Evening,72,2.9,4.1,1.2
21/06/2022,Night,74,2.9,2.9,0.0
22/06/2022,Day,74,2.9,3.6,0.7
22/06/2022,Evening,74,2.9,3.4,0.5
22/06/2022,Night,73,2.9,3.4,0.5
23/06/2022,Day,73,2.9,3.7,0.8
23/06/2022,Evening,74,2.9,3.1,0.2
23/06/2022,Night,73,2.9,2.8,-0.1
24/06/2022,Day,75,3.0,2.9,-0.1
24/06/2022,Evening,74,2.9,3.5,0.6
24/06/2022,Night,75,3.0,3.8,0.8
25/06/2022,Day,74,2.9,3.9,1.0
25/06/2022,Evening,75,3.0,3.7,0.7
25/06/2022,Night,73,2.9,3.5,0.6
26/06/2022,Day,73,2.9,3.5,0.6
26/06/2022,Evening,75,3.0,2.9,-0.1
26/06/2022,Night,74,2.9,3.1,0.2
27/06/2022,Day,74,2.9,3.3,0.4
27/06/2022,Evening,75,3.0,3.7,0.7
27/06/2022,Night,75,3.0,4.8,1.8
28/06/2022,Day,73,2.9,4.4,1.5
28/06/2022,Evening,73,2.9,3.6,0.7
28/06/2022,Night,75,3.0,3.9,0.9
29/06/2022,Day,75,3.0,3.1,0.1
29/06/2022,Evening,74,2.9,2.8,-0.1
29/06/2022,Night,74,2.9,2.8,-0.1
30/06/2022,Day,75,3.0,3.2,0.2
30/06/2022,Evening,74,2.9,4.2,1.3
30/06/2022,Night,73,2.9,3.2,0.3
01/07/2022,Day,74,2.9,3.3,0.4
01/07/2022,Evening,75,3.0,3.6,0.6
01/07/2022,Night,73,2.9,3.5,0.6
02/07/2022,Day,73,2.9,3.0,0.1
02/07/2022,Evening,73,2.9,4.2,1.3
02/07/2022,Night,74,2.9,2.9,0.0
03/07/2022,Day,74,2.9,3.5,0.6
03/07/2022,Evening,73,2.9,2.5,-0.4
03/07/2022,Night,73,2.9,3.9,1.0
04/07/2022,Day,74,2.9,3.6,0.7
04/07/2022,Evening,74,2.9,4.1,1.2
04/07/2022,Night,73,2.9,4.1,1.2
05/07/2022,Day,74,2.9,3.2,0.3
05/07/2022,Evening,74,2.9,3.9,1.0
05/07/2022,Night,74,2.9,3.5,0.6
06/07/2022,Day,74,2.9,3.8,0.9
06/07/2022,Evening,75,3.0,4.1,1.1
06/07/2022,Night,75,3.0,3.8,0.8
07/07/2022,Day,75,3.0,4.1,1.1
07/07/2022,Evening,73,2.9,3.3,0.4
07/07/2022,Night,74,2.9,4.1,1.2
08/07/2022,Day,75,3.0,3.9,0.9
08/07/2022,Evening,74,2.9,2.7,-0.2
08/07/2022,Night,75,3.0,3.0,0.0
09/07/2022,Day,73,2.9,3.3,0.4
09/07/2022,Evening,73,2.9,2.9,0.0
09/07/2022,Night,75,3.0,3.7,0.7
10/07/2022,Day,73,2.9,3.1,0.2
10/07/2022,Evening,74,2.9,2.8,-0.1
10/07/2022,Night,74,2.9,3.1,0.2
11/07/2022,Day,73,2.9,4.0,1.1
11/07/2022,Evening,74,2.9,3.1,0.2
11/07/2022,Night,75,3.0,2.7,-0.3
12/07/2022,Day,80,3.1,3.6,0.5
12/07/2022,Evening,86,3.2,2.8,-0.4
12/07/2022,Night,92,3.3,3.8,0.5
13/07/2022,Day,98,3.5,4.3,0.8
13/07/2022,Evening,98,3.5,3.8,0.3
13/07/2022,Night,99,3.5,3.9,0.4
14/07/2022,Day,97,3.4,4.2,0.8
14/07/2022,Evening,99,3.5,4.4,0.9
14/07/2022,Night,98,3.5,4.4,0.9
15/07/2022,Day,98,3.5,4.3,0.8
15/07/2022,Evening,99,3.5,3.2,-0.3
15/07/2022,Night,97,3.4,4.1,0.7
16/07/2022,Day,97,3.4,4.6,1.2
16/07/2022,Evening,97,3.4,3.8,0.4
16/07/2022,Night,98,3.5,4.1,0.6
17/07/2022,Day,97,3.4,3.4,0.0
17/07/2022,Evening,98,3.5,4.8,1.3
17/07/2022,Night,99,3.5,4.2,0.7
18/07/2022,Day,99,3.5,4.7,1.2
18/07/2022,Evening,98,3.5,3.9,0.4
18/07/2022,Night,98,3.5,3.7,0.2
19/07/2022,Day,99,3.5,4.4,0.9
19/07/2022,Evening,99,3.5,4.2,0.7
19/07/2022,Night,98,3.5,3.2,-0.3
20/07/2022,Day,99,3.5,3.8,0.3
20/07/2022,Evening,99,3.5,4.4,0.9
20/07/2022,Night,97,3.4,4.2,0.8
21/07/2022,Day,97,3.4,3.4,0.0
21/07/2022,Evening,99,3.5,4.4,0.9
21/07/2022,Night,99,3.5,4.9,1.4
22/07/2022,Day,97,3.4,3.7,0.3
22/07/2022,Evening,99,3.5,4.4,0.9
22/07/2022,Night,98,3.5,4.9,1.4
23/07/2022,Day,99,3.5,4.5,1.0
23/07/2022,Evening,99,3.5,3.8,0.3
23/07/2022,Night,98,3.5,3.9,0.4
24/07/2022,Day,97,3.4,4.0,0.6
24/07/2022,Evening,99,3.5,4.2,0.7
24/07/2022,Night,97,3.4,4.1,0.7
25/07/2022,Day,97,3.4,3.0,-0.4
25/07/2022,Evening,99,3.5,4.3,0.8
25/07/2022,Night,99,3.5,4.5,1.0
26/07/2022,Day,97,3.4,3.6,0.2
26/07/2022,Evening,99,3.5,4.5,1.0
26/07/2022,Night,99,3.5,3.0,-0.5
27/07/2022,Day,97,3.4,4.5,1.1
27/07/2022,Evening,97,3.4,4.1,0.7
27/07/2022,Night,98,3.5,3.3,-0.2
28/07/2022,Day,99,3.5,3.7,0.2
28/07/2022,Evening,98,3.5,3.9,0.4
28/07/2022,Night,97,3.4,3.9,0.5
29/07/2022,Day,99,3.5,3.6,0.1
29/07/2022,Evening,97,3.4,3.7,0.3
29/07/2022,Night,99,3.5,4.8,1.3
30/07/2022,Day,99,3.5,3.6,0.1
30/07/2022,Evening,98,3.5,4.3,0.8
30/07/2022,Night,97,3.4,4.0,0.6
31/07/2022,Day,99,3.5,4.3,0.8
31/07/2022,Evening,98,3.5,3.6,0.1
31/07/2022,Night,97,3.4,3.5,0.1
01/08/2022,Day,98,3.5,4.5,1.0
01/08/2022,Evening,97,3.4,4.3,0.9
01/08/2022,Night,99,3.5,4.6,1.1
02/08/2022,Day,98,3.5,4.1,0.6
02/08/2022,Evening,98,3.5,4.3,0.8
02/08/2022,Night,99,3.5,4.1,0.6
03/08/2022,Day,97,3.4,3.5,0.1
03/08/2022,Evening,96,3.4,4.4,1.0
03/08/2022,Night,93,3.4,3.3,-0.1
04/08/2022,Day,91,3.3,3.8,0.5
04/08/2022,Evening,92,3.3,4.0,0.7
04/08/2022,Night,90,3.3,4.2,0.9
05/08/2022,Day,91,3.3,3.5,0.2
05/08/2022,Evening,91,3.3,4.0,0.7
05/08/2022,Night,90,3.3,3.5,0.2
06/08/2022,Day,92,3.3,3.5,0.2
06/08/2022,Evening,90,3.3,3.8,0.5
06/08/2022,Night,92,3.3,3.7,0.4
07/08/2022,Day,90,3.3,3.9,0.6
07/08/2022,Evening,90,3.3,3.9,0.6
07/08/2022,Night,91,3.3,4.0,0.7
08/08/2022,Day,91,3.3,2.9,-0.4
08/08/2022,Evening,92,3.3,3.8,0.5
08/08/2022,Night,90,3.3,4.1,0.8
09/08/2022,Day,92,3.3,3.7,0.4
09/08/2022,Evening,90,3.3,3.5,0.2
09/08/2022,Night,90,3.3,4.3,1.0
10/08/2022,Day,91,3.3,4.1,0.8
10/08/2022,Evening,90,3.3,3.5,0.2
10/08/2022,Night,91,3.3,3.4,0.1
11/08/2022,Day,91,3.3,4.6,1.3
11/08/2022,Evening,90,3.3,5.0,1.7
11/08/2022,Night,90,3.3,4.7,1.4
12/08/2022,Day,92,3.3,2.3,-1.0
12/08/2022,Evening,92,3.3,3.7,0.4
12/08/2022,Night,92,3.3,3.9,0.6
13/08/2022,Day,91,3.3,4.0,0.7
13/08/2022,Evening,91,3.3,3.1,-0.2
13/08/2022,Night,91,3.3,4.5,1.2
14/08/2022,Day,91,3.3,4.2,0.9
14/08/2022,Evening,91,3.3,4.1,0.8
14/08/2022,Night,91,3.3,4.8,1.5
15/08/2022,Day,90,3.3,4.1,0.8
15/08/2022,Evening,92,3.3,4.1,0.8
15/08/2022,Night,92,3.3,3.5,0.2
16/08/2022,Day,92,3.3,4.0,0.7
16/08/2022,Evening,90,3.3,3.7,0.4
16/08/2022,Night,92,3.3,3.9,0.6
17/08/2022,Day,91,3.3,3.0,-0.3
17/08/2022,Evening,90,3.3,4.7,1.4
17/08/2022,Night,90,3.3,4.0,0.7
18/08/2022,Day,92,3.3,3.6,0.3
18/08/2022,Evening,91,3.3,3.6,0.3
18/08/2022,Night,92,3.3,4.0,0.7
19/08/2022,Day,90,3.3,4.2,0.9
19/08/2022,Evening,92,3.3,3.0,-0.3
19/08/2022,Night,90,3.3,3.7,0.4
20/08/2022,Day,90,3.3,3.6,0.3
20/08/2022,Evening,90,3.3,3.5,0.2
20/08/2022,Night,91,3.3,4.0,0.7
21/08/2022,Day,91,3.3,4.0,0.7
21/08/2022,Evening,92,3.3,4.5,1.2
21/08/2022,Night,92,3.3,3.7,0.4
22/08/2022,Day,92,3.3,4.3,1.0
22/08/2022,Evening,91,3.3,4.2,0.9
22/08/2022,Night,92,3.3,3.5,0.2
23/08/2022,Day,91,3.3,3.7,0.4
23/08/2022,Evening,86,3.2,4.6,1.4
23/08/2022,Night,82,3.1,3.3,0.2
24/08/2022,Day,77,3.0,3.3,0.3
24/08/2022,Evening,76,3.0,3.4,0.4
24/08/2022,Night,77,3.0,3.1,0.1
25/08/2022,Day,76,3.0,4.5,1.5
25/08/2022,Evening,78,3.0,3.4,0.4
25/08/2022,Night,76,3.0,3.5,0.5
26/08/2022,Day,76,3.0,4.6,1.6
26/08/2022,Evening,78,3.0,3.7,0.7
26/08/2022,Night,77,3.0,4.0,1.0
27/08/2022,Day,78,3.0,3.7,0.7
27/08/2022,Evening,76,3.0,4.0,1.0
27/08/2022,Night,76,3.0,3.8,0.8
28/08/2022,Day,76,3.0,3.2,0.2
28/08/2022,Evening,76,3.0,2.5,-0.5
28/08/2022,Night,76,3.0,3.0,0.0
29/08/2022,Day,78,3.0,3.0,0.0
29/08/2022,Evening,76,3.0,3.1,0.1
29/08/2022,Night,77,3.0,3.7,0.7
30/08/2022,Day,78,3.0,3.4,0.4
30/08/2022,Evening,78,3.0,3.8,0.8
30/08/2022,Night,78,3.0,3.6,0.6
31/08/2022,Day,76,3.0,2.6,-0.4
31/08/2022,Evening,76,3.0,4.5,1.5
31/08/2022,Night,78,3.0,4.1,1.1
01/09/2022,Day,76,3.0,3.6,0.6
01/09/2022,Evening,77,3.0,2.9,-0.1
01/09/2022,Night,77,3.0,4.3,1.3
02/09/2022,Day,76,3.0,4.0,1.0
02/09/2022,Evening,78,3.0,3.5,0.5
02/09/2022,Night,76,3.0,3.3,0.3
03/09/2022,Day,76,3.0,3.3,0.3
03/09/2022,Evening,76,3.0,4.2,1.2
03/09/2022,Night,78,3.0,3.6,0.6
04/09/2022,Day,77,3.0,3.0,0.0
04/09/2022,Evening,76,3.0,3.8,0.8
04/09/2022,Night,78,3.0,3.5,0.5
05/09/2022,Day,78,3.0,3.8,0.8
05/09/2022,Evening,77,3.0,3.3,0.3
05/09/2022,Night,78,3.0,3.3,0.3
06/09/2022,Day,78,3.0,3.8,0.8
06/09/2022,Evening,78,3.0,3.9,0.9
06/09/2022,Night,77,3.0,3.3,0.3
07/09/2022,Day,76,3.0,3.8,0.8
07/09/2022,Evening,68,2.8,3.0,0.2
07/09/2022,Night,58,2.6,3.0,0.4
08/09/2022,Day,49,2.4,3.0,0.6
08/09/2022,Evening,49,2.4,3.4,1.0
08/09/2022,Night,49,2.4,3.3,0.9
09/09/2022,Day,48,2.4,3.2,0.8
09/09/2022,Evening,50,2.4,2.6,0.2
09/09/2022,Night,50,2.4,2.6,0.2
10/09/2022,Day,50,2.4,3.5,1.1
10/09/2022,Evening,48,2.4,2.4,0.0
10/09/2022,Night,50,2.4,2.9,0.5
11/09/2022,Day,50,2.4,2.9,0.5
11/09/2022,Evening,49,2.4,2.7,0.3
11/09/2022,Night,50,2.4,2.8,0.4
12/09/2022,Day,49,2.4,2.9,0.5
12/09/2022,Evening,48,2.4,2.8,0.4
12/09/2022,Night,49,2.4,3.5,1.1
13/09/2022,Day,50,2.4,2.6,0.2
13/09/2022,Evening,50,2.4,2.7,0.3
13/09/2022,Night,49,2.4,3.0,0.6
14/09/2022,Day,50,2.4,3.2,0.8
14/09/2022,Evening,49,2.4,2.8,0.4
14/09/2022,Night,50,2.4,3.0,0.6
15/09/2022,Day,49,2.4,3.1,0.7
15/09/2022,Evening,49,2.4,3.7,1.3
15/09/2022,Night,48,2.4,1.7,-0.7
16/09/2022,Day,49,2.4,3.5,1.1
16/09/2022,Evening,49,2.4,2.5,0.1
16/09/2022,Night,48,2.4,2.8,0.4
17/09/2022,Day,50,2.4,2.8,0.4
17/09/2022,Evening,49,2.4,2.7,0.3
17/09/2022,Night,48,2.4,2.6,0.2
18/09/2022,Day,48,2.4,2.2,-0.2
18/09/2022,Evening,55,2.5,2.8,0.3
18/09/2022,Night,61,2.7,2.3,-0.4
19/09/2022,Day,67,2.8,3.9,1.1
19/09/2022,Evening,66,2.8,3.8,1.0
19/09/2022,Night,68,2.8,3.2,0.4
20/09/2022,Day,67,2.8,3.5,0.7
20/09/2022,Evening,67,2.8,2.9,0.1
20/09/2022,Night,68,2.8,3.5,0.7
21/09/2022,Day,68,2.8,2.8,0.0
21/09/2022,Evening,66,2.8,3.7,0.9
21/09/2022,Night,67,2.8,3.1,0.3
22/09/2022,Day,66,2.8,2.7,-0.1
22/09/2022,Evening,67,2.8,3.5,0.7
22/09/2022,Night,66,2.8,2.9,0.1
23/09/2022,Day,67,2.8,3.2,0.4
23/09/2022,Evening,68,2.8,3.2,0.4
23/09/2022,Night,66,2.8,3.4,0.6
24/09/2022,Day,67,2.8,3.6,0.8
24/09/2022,Evening,67,2.8,2.6,-0.2
24/09/2022,Night,66,2.8,2.9,0.1
25/09/2022,Day,68,2.8,3.7,0.9
25/09/2022,Evening,68,2.8,2.6,-0.2
25/09/2022,Night,66,2.8,3.1,0.3
26/09/2022,Day,66,2.8,2.9,0.1
26/09/2022,Evening,67,2.8,3.2,0.4
26/09/2022,Night,67,2.8,4.0,1.2
27/09/2022,Day,68,2.8,3.0,0.2
27/09/2022,Evening,68,2.8,3.5,0.7
27/09/2022,Night,68,2.8,3.7,0.9
28/09/2022,Day,66,2.8,3.1,0.3
28/09/2022,Evening,69,2.8,3.6,0.8
28/09/2022,Night,72,2.9,2.7,-0.2
29/09/2022,Day,74,2.9,4.5,1.6
29/09/2022,Evening,76,3.0,3.0,0.0
29/09/2022,Night,77,3.0,3.3,0.3
30/09/2022,Day,77,3.0,2.5,-0.5
30/09/2022,Evening,77,3.0,4.2,1.2
30/09/2022,Night,75,3.0,3.5,0.5
01/10/2022,Day,76,3.0,3.1,0.1
01/10/2022,Evening,75,3.0,3.2,0.2
01/10/2022,Night,76,3.0,4.1,1.1
02/10/2022,Day,76,3.0,2.8,-0.2
02/10/2022,Evening,75,3.0,4.5,1.5
02/10/2022,Night,75,3.0,4.0,1.0
03/10/2022,Day,75,3.0,3.6,0.6
03/10/2022,Evening,77,3.0,3.5,0.5
03/10/2022,Night,75,3.0,2.3,-0.7
04/10/2022,Day,77,3.0,3.0,0.0
04/10/2022,Evening,76,3.0,3.9,0.9
04/10/2022,Night,75,3.0,3.8,0.8
05/10/2022,Day,77,3.0,4.1,1.1
05/10/2022,Evening,77,3.0,3.7,0.7
05/10/2022,Night,77,3.0,3.0,0.0
06/10/2022,Day,75,3.0,3.2,0.2
06/10/2022,Evening,76,3.0,3.4,0.4
06/10/2022,Night,75,3.0,3.1,0.1
07/10/2022,Day,77,3.0,3.2,0.2
07/10/2022,Evening,76,3.0,3.7,0.7
07/10/2022,Night,76,3.0,3.7,0.7
08/10/2022,Day,76,3.0,3.8,0.8
08/10/2022,Evening,76,3.0,2.6,-0.4
08/10/2022,Night,77,3.0,3.2,0.2
09/10/2022,Day,77,3.0,3.2,0.2
09/10/2022,Evening,76,3.0,4.0,1.0
09/10/2022,Night,76,3.0,3.3,0.3
10/10/2022,Day,76,3.0,4.5,1.5
10/10/2022,Evening,76,3.0,3.6,0.6
10/10/2022,Night,77,3.0,3.6,0.6
11/10/2022,Day,76,3.0,3.4,0.4
11/10/2022,Evening,76,3.0,3.3,0.3
11/10/2022,Night,75,3.0,4.1,1.1
12/10/2022,Day,77,3.0,3.1,0.1
12/10/2022,Evening,76,3.0,3.8,0.8
12/10/2022,Night,76,3.0,3.5,0.5
13/10/2022,Day,75,3.0,4.1,1.1
13/10/2022,Evening,76,3.0,4.2,1.2
13/10/2022,Night,76,3.0,4.2,1.2
14/10/2022,Day,76,3.0,2.7,-0.3
14/10/2022,Evening,75,3.0,3.2,0.2
14/10/2022,Night,77,3.0,2.5,-0.5
15/10/2022,Day,75,3.0,3.2,0.2
15/10/2022,Evening,77,3.0,3.2,0.2
15/10/2022,Night,75,3.0,2.7,-0.3
16/10/2022,Day,75,3.0,4.0,1.0
16/10/2022,Evening,76,3.0,3.3,0.3
16/10/2022,Night,77,3.0,3.8,0.8
17/10/2022,Day,77,3.0,3.5,0.5
17/10/2022,Evening,77,3.0,3.6,0.6
17/10/2022,Night,77,3.0,2.7,-0.3
18/10/2022,Day,76,3.0,3.6,0.6
18/10/2022,Evening,76,3.0,3.5,0.5
18/10/2022,Night,64,2.7,2.9,0.2
19/10/2022,Day,52,2.5,3.6,1.1
19/10/2022,Evening,40,2.2,2.5,0.3
19/10/2022,Night,41,2.2,2.9,0.7
20/10/2022,Day,39,2.2,2.8,0.6
20/10/2022,Evening,40,2.2,2.3,0.1
20/10/2022,Night,41,2.2,2.8,0.6
21/10/2022,Day,41,2.2,1.6,-0.6
21/10/2022,Evening,41,2.2,2.1,-0.1
21/10/2022,Night,40,2.2,3.5,1.3
22/10/2022,Day,40,2.2,3.1,0.9
22/10/2022,Evening,40,2.2,1.8,-0.4
22/10/2022,Night,41,2.2,2.6,0.4
23/10/2022,Day,41,2.2,2.8,0.6
23/10/2022,Evening,41,2.2,2.4,0.2
23/10/2022,Night,40,2.2,2.2,0.0
24/10/2022,Day,40,2.2,2.7,0.5
24/10/2022,Evening,39,2.2,2.5,0.3
24/10/2022,Night,41,2.2,2.5,0.3
25/10/2022,Day,40,2.2,2.3,0.1
25/10/2022,Evening,39,2.2,2.2,0.0
25/10/2022,Night,39,2.2,2.4,0.2
26/10/2022,Day,41,2.2,2.1,-0.1
26/10/2022,Evening,41,2.2,2.1,-0.1
26/10/2022,Night,40,2.2,2.6,0.4
27/10/2022,Day,39,2.2,1.9,-0.3
27/10/2022,Evening,41,2.2,2.1,-0.1
27/10/2022,Night,41,2.2,2.7,0.5
28/10/2022,Day,39,2.2,2.7,0.5
28/10/2022,Evening,41,2.2,1.7,-0.5
28/10/2022,Night,39,2.2,3.1,0.9
29/10/2022,Day,39,2.2,2.4,0.2
29/10/2022,Evening,41,2.2,2.6,0.4
29/10/2022,Night,39,2.2,1.9,-0.3
30/10/2022,Day,39,2.2,3.9,1.7
30/10/2022,Evening,40,2.2,2.7,0.5
30/10/2022,Night,39,2.2,3.1,0.9
31/10/2022,Day,41,2.2,2.5,0.3
31/10/2022,Evening,39,2.2,2.1,-0.1
31/10/2022,Night,39,2.2,2.5,0.3
01/11/2022,Day,41,2.2,3.6,1.4
01/11/2022,Evening,39,2.2,2.7,0.5
01/11/2022,Night,39,2.2,3.5,1.3
02/11/2022,Day,39,2.2,2.2,0.0
02/11/2022,Evening,41,2.2,2.5,0.3
02/11/2022,Night,40,2.2,2.5,0.3
03/11/2022,Day,40,2.2,2.4,0.2
03/11/2022,Evening,39,2.2,2.8,0.6
03/11/2022,Night,41,2.2,2.6,0.4
04/11/2022,Day,41,2.2,2.5,0.3
04/11/2022,Evening,41,2.2,2.8,0.6
04/11/2022,Night,41,2.2,3.5,1.3
05/11/2022,Day,40,2.2,3.2,1.0
05/11/2022,Evening,41,2.2,2.8,0.6
05/11/2022,Night,48,2.4,3.7,1.3
06/11/2022,Day,55,2.5,3.0,0.5
06/11/2022,Evening,62,2.7,3.6,0.9
06/11/2022,Night,70,2.9,3.4,0.5
07/11/2022,Day,70,2.9,2.8,-0.1
07/11/2022,Evening,69,2.8,4.1,1.3
07/11/2022,Night,69,2.8,2.9,0.1
08/11/2022,Day,71,2.9,3.2,0.3
08/11/2022,Evening,71,2.9,3.1,0.2
08/11/2022,Night,70,2.9,3.9,1.0
09/11/2022,Day,71,2.9,4.2,1.3
09/11/2022,Evening,70,2.9,3.5,0.6
09/11/2022,Night,69,2.8,3.7,0.9
10/11/2022,Day,71,2.9,3.3,0.4
10/11/2022,Evening,71,2.9,3.4,0.5
10/11/2022,Night,71,2.9,4.8,1.9
11/11/2022,Day,70,2.9,3.3,0.4
11/11/2022,Evening,69,2.8,2.6,-0.2
11/11/2022,Night,69,2.8,2.8,0.0
12/11/2022,Day,69,2.8,3.8,1.0
12/11/2022,Evening,71,2.9,2.8,-0.1
12/11/2022,Night,69,2.8,2.9,0.1
13/11/2022,Day,69,2.8,3.6,0.8
13/11/2022,Evening,69,2.8,2.9,0.1
13/11/2022,Night,71,2.9,2.8,-0.1
14/11/2022,Day,71,2.9,3.8,0.9
14/11/2022,Evening,70,2.9,4.0,1.1
14/11/2022,Night,70,2.9,3.6,0.7
15/11/2022,Day,70,2.9,3.3,0.4
15/11/2022,Evening,70,2.9,3.4,0.5
15/11/2022,Night,69,2.8,4.3,1.5
16/11/2022,Day,70,2.9,4.0,1.1
16/11/2022,Evening,70,2.9,3.6,0.7
16/11/2022,Night,70,2.9,2.9,0.0
17/11/2022,Day,71,2.9,3.5,0.6
17/11/2022,Evening,69,2.8,4.4,1.6
17/11/2022,Night,71,2.9,3.1,0.2
18/11/2022,Day,69,2.8,3.4,0.6
18/11/2022,Evening,70,2.9,4.2,1.3
18/11/2022,Night,71,2.9,3.2,0.3
19/11/2022,Day,69,2.8,3.6,0.8
19/11/2022,Evening,71,2.9,2.9,0.0
19/11/2022,Night,71,2.9,3.4,0.5
20/11/2022,Day,69,2.8,3.2,0.4
20/11/2022,Evening,69,2.8,4.2,1.4
20/11/2022,Night,70,2.9,3.1,0.2
21/11/2022,Day,70,2.9,3.8,0.9
21/11/2022,Evening,70,2.9,2.2,-0.7
21/11/2022,Night,71,2.9,3.2,0.3
22/11/2022,Day,75,3.0,4.1,1.1
22/11/2022,Evening,80,3.1,4.0,0.9
22/11/2022,Night,85,3.2,3.2,0.0
23/11/2022,Day,90,3.3,4.6,1.3
23/11/2022,Evening,89,3.3,3.3,0.0
23/11/2022,Night,89,3.3,3.4,0.1
24/11/2022,Day,90,3.3,3.8,0.5
24/11/2022,Evening,90,3.3,4.3,1.0
24/11/2022,Night,91,3.3,4.0,0.7
25/11/2022,Day,90,3.3,3.5,0.2
25/11/2022,Evening,91,3.3,3.4,0.1
25/11/2022,Night,89,3.3,3.6,0.3
26/11/2022,Day,91,3.3,3.7,0.4
26/11/2022,Evening,89,3.3,3.5,0.2
26/11/2022,Night,89,3.3,3.5,0.2
27/11/2022,Day,89,3.3,3.1,-0.2
27/11/2022,Evening,91,3.3,3.1,-0.2
27/11/2022,Night,91,3.3,3.8,0.5
28/11/2022,Day,90,3.3,4.3,1.0
28/11/2022,Evening,90,3.3,3.9,0.6
28/11/2022,Night,89,3.3,3.9,0.6
29/11/2022,Day,89,3.3,3.9,0.6
29/11/2022,Evening,91,3.3,4.3,1.0
29/11/2022,Night,90,3.3,4.1,0.8
30/11/2022,Day,91,3.3,3.1,-0.2
30/11/2022,Evening,84,3.2,3.6,0.4
30/11/2022,Night,77,3.0,3.1,0.1
01/12/2022,Day,71,2.9,4.1,1.2
01/12/2022,Evening,70,2.9,3.5,0.6
01/12/2022,Night,70,2.9,3.6,0.7
02/12/2022,Day,72,2.9,3.3,0.4
02/12/2022,Evening,70,2.9,3.4,0.5
02/12/2022,Night,72,2.9,2.6,-0.3
03/12/2022,Day,71,2.9,2.9,0.0
03/12/2022,Evening,70,2.9,3.6,0.7
03/12/2022,Night,71,2.9,4.1,1.2
04/12/2022,Day,70,2.9,4.4,1.5
04/12/2022,Evening,72,2.9,4.3,1.4
04/12/2022,Night,70,2.9,4.1,1.2
05/12/2022,Day,72,2.9,3.8,0.9
05/12/2022,Evening,71,2.9,2.9,0.0
05/12/2022,Night,72,2.9,4.1,1.2
06/12/2022,Day,72,2.9,2.9,0.0
06/12/2022,Evening,71,2.9,2.7,-0.2
06/12/2022,Night,71,2.9,3.6,0.7
07/12/2022,Day,72,2.9,3.7,0.8
07/12/2022,Evening,70,2.9,3.6,0.7
07/12/2022,Night,72,2.9,3.9,1.0
08/12/2022,Day,72,2.9,3.4,0.5
08/12/2022,Evening,70,2.9,3.3,0.4
08/12/2022,Night,72,2.9,1.9,-1.0
09/12/2022,Day,72,2.9,3.9,1.0
09/12/2022,Evening,71,2.9,3.6,0.7
09/12/2022,Night,70,2.9,2.7,-0.2
10/12/2022,Day,70,2.9,3.0,0.1
10/12/2022,Evening,79,3.0,2.8,-0.2
10/12/2022,Night,88,3.2,3.7,0.5
11/12/2022,Day,96,3.4,4.8,1.4
11/12/2022,Evening,97,3.4,3.9,0.5
11/12/2022,Night,97,3.4,4.1,0.7
12/12/2022,Day,97,3.4,2.7,-0.7
12/12/2022,Evening,96,3.4,5.0,1.6
12/12/2022,Night,96,3.4,3.9,0.5
13/12/2022,Day,95,3.4,4.9,1.5
13/12/2022,Evening,97,3.4,4.1,0.7
13/12/2022,Night,96,3.4,4.1,0.7
14/12/2022,Day,96,3.4,4.3,0.9
14/12/2022,Evening,96,3.4,3.9,0.5
14/12/2022,Night,95,3.4,3.4,0.0
15/12/2022,Day,96,3.4,4.4,1.0
15/12/2022,Evening,97,3.4,4.5,1.1
15/12/2022,Night,96,3.4,4.4,1.0
16/12/2022,Day,96,3.4,3.3,-0.1
16/12/2022,Evening,95,3.4,4.3,0.9
16/12/2022,Night,97,3.4,4.4,1.0
17/12/2022,Day,97,3.4,4.3,0.9
17/12/2022,Evening,97,3.4,4.0,0.6
17/12/2022,Night,96,3.4,4.1,0.7
18/12/2022,Day,95,3.4,4.7,1.3
18/12/2022,Evening,97,3.4,4.3,0.9
18/12/2022,Night,96,3.4,4.0,0.6
19/12/2022,Day,95,3.4,3.9,0.5
19/12/2022,Evening,84,3.2,3.0,-0.2
19/12/2022,Night,72,2.9,3.5,0.6
20/12/2022,Day,72,2.9,3.6,0.7
20/12/2022,Evening,73,2.9,3.5,0.6
20/12/2022,Night,73,2.9,3.3,0.4
21/12/2022,Day,71,2.9,3.7,0.8
21/12/2022,Evening,73,2.9,3.2,0.3
21/12/2022,Night,72,2.9,3.9,1.0
22/12/2022,Day,72,2.9,4.3,1.4
22/12/2022,Evening,72,2.9,3.5,0.6
22/12/2022,Night,71,2.9,3.6,0.7
23/12/2022,Day,71,2.9,2.9,0.0
23/12/2022,Evening,71,2.9,2.8,-0.1
23/12/2022,Night,72,2.9,3.9,1.0
24/12/2022,Day,72,2.9,3.5,0.6
24/12/2022,Evening,72,2.9,3.3,0.4
24/12/2022,Night,72,2.9,3.6,0.7
25/12/2022,Day,71,2.9,4.0,1.1
25/12/2022,Evening,71,2.9,3.2,0.3
25/12/2022,Night,71,2.9,2.7,-0.2
26/12/2022,Day,71,2.9,3.9,1.0
26/12/2022,Evening,72,2.9,3.9,1.0
26/12/2022,Night,72,2.9,3.9,1.0
27/12/2022,Day,73,2.9,3.5,0.6
27/12/2022,Evening,73,2.9,3.4,0.5
27/12/2022,Night,73,2.9,3.6,0.7
28/12/2022,Day,72,2.9,4.2,1.3
28/12/2022,Evening,71,2.9,3.5,0.6
28/12/2022,Night,71,2.9,2.8,-0.1
29/12/2022,Day,71,2.9,4.2,1.3
29/12/2022,Evening,72,2.9,3.0,0.1
29/12/2022,Night,73,2.9,4.3,1.4
30/12/2022,Day,71,2.9,3.5,0.6
30/12/2022,Evening,73,2.9,3.1,0.2
30/12/2022,Night,73,2.9,3.7,0.8
